path,dataset,method,label
C:\Users\Dani\Downloads\diploma_structure\deepfake-detection-system\data\raw\celebdf\Celeb-real\id54_0003.mp4,celebdf,Celeb-real,real
C:\Users\Dani\Downloads\diploma_structure\deepfake-detection-system\data\raw\celebdf\Celeb-synthesis\id49_id54_0007.mp4,celebdf,Celeb-synthesis,fake
C:\Users\Dani\Downloads\diploma_structure\deepfake-detection-system\data\raw\celebdf\Celeb-real\id16_0010.mp4,celebdf,Celeb-real,real
C:\Users\Dani\Downloads\diploma_structure\deepfake-detection-system\data\raw\celebdf\Celeb-synthesis\id19_id25_0002.mp4,celebdf,Celeb-synthesis,fake
C:\Users\Dani\Downloads\diploma_structure\deepfake-detection-system\data\raw\celebdf\Celeb-synthesis\id6_id2_0006.mp4,celebdf,Celeb-synthesis,fake
C:\Users\Dani\Downloads\diploma_structure\deepfake-detection-system\data\raw\celebdf\Celeb-real\id45_0002.mp4,celebdf,Celeb-real,real
C:\Users\Dani\Downloads\diploma_structure\deepfake-detection-system\data\raw\celebdf\Celeb-real\id26_0008.mp4,celebdf,Celeb-real,real
C:\Users\Dani\Downloads\diploma_structure\deepfake-detection-system\data\raw\celebdf\Celeb-real\id61_0008.mp4,celebdf,Celeb-real,real
C:\Users\Dani\Downloads\diploma_structure\deepfake-detection-system\data\raw\celebdf\Celeb-synthesis\id17_id20_0004.mp4,celebdf,Celeb-synthesis,fake
C:\Users\Dani\Downloads\diploma_structure\deepfake-detection-system\data\raw\celebdf\YouTube-real\00163.mp4,celebdf,YouTube-real,real
C:\Users\Dani\Downloads\diploma_structure\deepfake-detection-system\data\raw\faceforensics\manipulated_sequences\Face2Face\c23\videos\830_828.mp4,faceforensics,Face2Face,fake
C:\Users\Dani\Downloads\diploma_structure\deepfake-detection-system\data\raw\faceforensics\manipulated_sequences\FaceSwap\c23\videos\036_035.mp4,faceforensics,FaceSwap,fake
C:\Users\Dani\Downloads\diploma_structure\deepfake-detection-system\data\raw\dfdc\dfdctrain\real-vntkhpeycf-1.mp4,dfdc,dfdc,real
C:\Users\Dani\Downloads\diploma_structure\deepfake-detection-system\data\raw\faceforensics\manipulated_sequences\NeuralTextures\c23\videos\263_284.mp4,faceforensics,NeuralTextures,fake
C:\Users\Dani\Downloads\diploma_structure\deepfake-detection-system\data\raw\dfdc\dfdctrain\fake-rbydjieaci-0.mp4,dfdc,dfdc,fake
C:\Users\Dani\Downloads\diploma_structure\deepfake-detection-system\data\raw\celebdf\Celeb-real\id21_0001.mp4,celebdf,Celeb-real,real
C:\Users\Dani\Downloads\diploma_structure\deepfake-detection-system\data\raw\celebdf\YouTube-real\00044.mp4,celebdf,YouTube-real,real
C:\Users\Dani\Downloads\diploma_structure\deepfake-detection-system\data\raw\celebdf\YouTube-real\00023.mp4,celebdf,YouTube-real,real
C:\Users\Dani\Downloads\diploma_structure\deepfake-detection-system\data\raw\faceforensics\manipulated_sequences\FaceSwap\c23\videos\210_241.mp4,faceforensics,FaceSwap,fake
C:\Users\Dani\Downloads\diploma_structure\deepfake-detection-system\data\raw\celebdf\YouTube-real\00253.mp4,celebdf,YouTube-real,real
C:\Users\Dani\Downloads\diploma_structure\deepfake-detection-system\data\raw\dfdc\dfdctrain\real-nxvjxvykqp-1.mp4,dfdc,dfdc,real
C:\Users\Dani\Downloads\diploma_structure\deepfake-detection-system\data\raw\celebdf\Celeb-real\id45_0008.mp4,celebdf,Celeb-real,real
C:\Users\Dani\Downloads\diploma_structure\deepfake-detection-system\data\raw\celebdf\YouTube-real\00231.mp4,celebdf,YouTube-real,real
C:\Users\Dani\Downloads\diploma_structure\deepfake-detection-system\data\raw\celebdf\Celeb-synthesis\id49_id56_0006.mp4,celebdf,Celeb-synthesis,fake
C:\Users\Dani\Downloads\diploma_structure\deepfake-detection-system\data\raw\celebdf\Celeb-real\id43_0009.mp4,celebdf,Celeb-real,real
C:\Users\Dani\Downloads\diploma_structure\deepfake-detection-system\data\raw\celebdf\YouTube-real\00276.mp4,celebdf,YouTube-real,real
C:\Users\Dani\Downloads\diploma_structure\deepfake-detection-system\data\raw\celebdf\Celeb-synthesis\id0_id28_0003.mp4,celebdf,Celeb-synthesis,fake
C:\Users\Dani\Downloads\diploma_structure\deepfake-detection-system\data\raw\celebdf\YouTube-real\00275.mp4,celebdf,YouTube-real,real
C:\Users\Dani\Downloads\diploma_structure\deepfake-detection-system\data\raw\celebdf\YouTube-real\00066.mp4,celebdf,YouTube-real,real
C:\Users\Dani\Downloads\diploma_structure\deepfake-detection-system\data\raw\faceforensics\manipulated_sequences\FaceSwap\c23\videos\044_945.mp4,faceforensics,FaceSwap,fake
C:\Users\Dani\Downloads\diploma_structure\deepfake-detection-system\data\raw\celebdf\Celeb-real\id16_0011.mp4,celebdf,Celeb-real,real
C:\Users\Dani\Downloads\diploma_structure\deepfake-detection-system\data\raw\celebdf\Celeb-real\id59_0007.mp4,celebdf,Celeb-real,real
C:\Users\Dani\Downloads\diploma_structure\deepfake-detection-system\data\raw\celebdf\Celeb-real\id16_0000.mp4,celebdf,Celeb-real,real
C:\Users\Dani\Downloads\diploma_structure\deepfake-detection-system\data\raw\celebdf\Celeb-synthesis\id42_id41_0003.mp4,celebdf,Celeb-synthesis,fake
C:\Users\Dani\Downloads\diploma_structure\deepfake-detection-system\data\raw\celebdf\Celeb-synthesis\id43_id48_0003.mp4,celebdf,Celeb-synthesis,fake
C:\Users\Dani\Downloads\diploma_structure\deepfake-detection-system\data\raw\celebdf\Celeb-synthesis\id35_id6_0003.mp4,celebdf,Celeb-synthesis,fake
C:\Users\Dani\Downloads\diploma_structure\deepfake-detection-system\data\raw\faceforensics\manipulated_sequences\Face2Face\c23\videos\263_284.mp4,faceforensics,Face2Face,fake
C:\Users\Dani\Downloads\diploma_structure\deepfake-detection-system\data\raw\celebdf\YouTube-real\00252.mp4,celebdf,YouTube-real,real
C:\Users\Dani\Downloads\diploma_structure\deepfake-detection-system\data\raw\celebdf\Celeb-real\id28_0004.mp4,celebdf,Celeb-real,real
C:\Users\Dani\Downloads\diploma_structure\deepfake-detection-system\data\raw\celebdf\Celeb-real\id28_0005.mp4,celebdf,Celeb-real,real
C:\Users\Dani\Downloads\diploma_structure\deepfake-detection-system\data\raw\celebdf\Celeb-real\id46_0002.mp4,celebdf,Celeb-real,real
C:\Users\Dani\Downloads\diploma_structure\deepfake-detection-system\data\raw\celebdf\YouTube-real\00103.mp4,celebdf,YouTube-real,real
C:\Users\Dani\Downloads\diploma_structure\deepfake-detection-system\data\raw\celebdf\Celeb-real\id22_0008.mp4,celebdf,Celeb-real,real
C:\Users\Dani\Downloads\diploma_structure\deepfake-detection-system\data\raw\celebdf\Celeb-real\id48_0001.mp4,celebdf,Celeb-real,real
C:\Users\Dani\Downloads\diploma_structure\deepfake-detection-system\data\raw\celebdf\YouTube-real\00129.mp4,celebdf,YouTube-real,real
C:\Users\Dani\Downloads\diploma_structure\deepfake-detection-system\data\raw\celebdf\Celeb-real\id56_0005.mp4,celebdf,Celeb-real,real
C:\Users\Dani\Downloads\diploma_structure\deepfake-detection-system\data\raw\celebdf\Celeb-synthesis\id47_id44_0002.mp4,celebdf,Celeb-synthesis,fake
C:\Users\Dani\Downloads\diploma_structure\deepfake-detection-system\data\raw\celebdf\YouTube-real\00100.mp4,celebdf,YouTube-real,real
C:\Users\Dani\Downloads\diploma_structure\deepfake-detection-system\data\raw\faceforensics\manipulated_sequences\Deepfakes\c23\videos\644_657.mp4,faceforensics,Deepfakes,fake
C:\Users\Dani\Downloads\diploma_structure\deepfake-detection-system\data\raw\celebdf\Celeb-synthesis\id30_id9_0006.mp4,celebdf,Celeb-synthesis,fake
C:\Users\Dani\Downloads\diploma_structure\deepfake-detection-system\data\raw\celebdf\Celeb-real\id24_0008.mp4,celebdf,Celeb-real,real
C:\Users\Dani\Downloads\diploma_structure\deepfake-detection-system\data\raw\celebdf\Celeb-synthesis\id20_id3_0004.mp4,celebdf,Celeb-synthesis,fake
C:\Users\Dani\Downloads\diploma_structure\deepfake-detection-system\data\raw\celebdf\Celeb-real\id26_0009.mp4,celebdf,Celeb-real,real
C:\Users\Dani\Downloads\diploma_structure\deepfake-detection-system\data\raw\celebdf\Celeb-synthesis\id43_id39_0003.mp4,celebdf,Celeb-synthesis,fake
C:\Users\Dani\Downloads\diploma_structure\deepfake-detection-system\data\raw\faceforensics\manipulated_sequences\FaceSwap\c23\videos\033_097.mp4,faceforensics,FaceSwap,fake
C:\Users\Dani\Downloads\diploma_structure\deepfake-detection-system\data\raw\celebdf\Celeb-synthesis\id23_id35_0004.mp4,celebdf,Celeb-synthesis,fake
C:\Users\Dani\Downloads\diploma_structure\deepfake-detection-system\data\raw\celebdf\Celeb-synthesis\id30_id31_0002.mp4,celebdf,Celeb-synthesis,fake
C:\Users\Dani\Downloads\diploma_structure\deepfake-detection-system\data\raw\celebdf\Celeb-synthesis\id39_id43_0001.mp4,celebdf,Celeb-synthesis,fake
C:\Users\Dani\Downloads\diploma_structure\deepfake-detection-system\data\raw\celebdf\Celeb-real\id25_0006.mp4,celebdf,Celeb-real,real
C:\Users\Dani\Downloads\diploma_structure\deepfake-detection-system\data\raw\celebdf\Celeb-real\id25_0010.mp4,celebdf,Celeb-real,real
C:\Users\Dani\Downloads\diploma_structure\deepfake-detection-system\data\raw\celebdf\Celeb-real\id47_0008.mp4,celebdf,Celeb-real,real
C:\Users\Dani\Downloads\diploma_structure\deepfake-detection-system\data\raw\celebdf\Celeb-synthesis\id6_id0_0004.mp4,celebdf,Celeb-synthesis,fake
C:\Users\Dani\Downloads\diploma_structure\deepfake-detection-system\data\raw\celebdf\Celeb-real\id34_0008.mp4,celebdf,Celeb-real,real
C:\Users\Dani\Downloads\diploma_structure\deepfake-detection-system\data\raw\celebdf\Celeb-real\id13_0006.mp4,celebdf,Celeb-real,real
C:\Users\Dani\Downloads\diploma_structure\deepfake-detection-system\data\raw\celebdf\Celeb-synthesis\id29_id35_0008.mp4,celebdf,Celeb-synthesis,fake
C:\Users\Dani\Downloads\diploma_structure\deepfake-detection-system\data\raw\celebdf\Celeb-synthesis\id42_id41_0000.mp4,celebdf,Celeb-synthesis,fake
C:\Users\Dani\Downloads\diploma_structure\deepfake-detection-system\data\raw\celebdf\YouTube-real\00222.mp4,celebdf,YouTube-real,real
C:\Users\Dani\Downloads\diploma_structure\deepfake-detection-system\data\raw\faceforensics\manipulated_sequences\Face2Face\c23\videos\284_263.mp4,faceforensics,Face2Face,fake
C:\Users\Dani\Downloads\diploma_structure\deepfake-detection-system\data\raw\celebdf\YouTube-real\00203.mp4,celebdf,YouTube-real,real
C:\Users\Dani\Downloads\diploma_structure\deepfake-detection-system\data\raw\celebdf\Celeb-synthesis\id38_id28_0003.mp4,celebdf,Celeb-synthesis,fake
C:\Users\Dani\Downloads\diploma_structure\deepfake-detection-system\data\raw\celebdf\Celeb-synthesis\id28_id1_0002.mp4,celebdf,Celeb-synthesis,fake
C:\Users\Dani\Downloads\diploma_structure\deepfake-detection-system\data\raw\celebdf\Celeb-synthesis\id0_id17_0003.mp4,celebdf,Celeb-synthesis,fake
C:\Users\Dani\Downloads\diploma_structure\deepfake-detection-system\data\raw\celebdf\Celeb-synthesis\id26_id6_0003.mp4,celebdf,Celeb-synthesis,fake
C:\Users\Dani\Downloads\diploma_structure\deepfake-detection-system\data\raw\celebdf\Celeb-synthesis\id48_id46_0005.mp4,celebdf,Celeb-synthesis,fake
C:\Users\Dani\Downloads\diploma_structure\deepfake-detection-system\data\raw\celebdf\Celeb-synthesis\id3_id37_0008.mp4,celebdf,Celeb-synthesis,fake
C:\Users\Dani\Downloads\diploma_structure\deepfake-detection-system\data\raw\celebdf\Celeb-synthesis\id28_id37_0007.mp4,celebdf,Celeb-synthesis,fake
C:\Users\Dani\Downloads\diploma_structure\deepfake-detection-system\data\raw\dfdc\dfdctrain\fake-dvuhqhgapq-1.mp4,dfdc,dfdc,fake
C:\Users\Dani\Downloads\diploma_structure\deepfake-detection-system\data\raw\celebdf\Celeb-synthesis\id32_id28_0000.mp4,celebdf,Celeb-synthesis,fake
C:\Users\Dani\Downloads\diploma_structure\deepfake-detection-system\data\raw\celebdf\Celeb-synthesis\id30_id29_0007.mp4,celebdf,Celeb-synthesis,fake
C:\Users\Dani\Downloads\diploma_structure\deepfake-detection-system\data\raw\celebdf\Celeb-real\id31_0000.mp4,celebdf,Celeb-real,real
C:\Users\Dani\Downloads\diploma_structure\deepfake-detection-system\data\raw\celebdf\Celeb-real\id22_0002.mp4,celebdf,Celeb-real,real
C:\Users\Dani\Downloads\diploma_structure\deepfake-detection-system\data\raw\celebdf\Celeb-real\id5_0003.mp4,celebdf,Celeb-real,real
C:\Users\Dani\Downloads\diploma_structure\deepfake-detection-system\data\raw\dfdc\dfdctrain\fake-arfxxftkqg-0.mp4,dfdc,dfdc,fake
C:\Users\Dani\Downloads\diploma_structure\deepfake-detection-system\data\raw\dfdc\dfdctrain\fake-izurqowaxf-1.mp4,dfdc,dfdc,fake
C:\Users\Dani\Downloads\diploma_structure\deepfake-detection-system\data\raw\faceforensics\manipulated_sequences\FaceSwap\c23\videos\263_284.mp4,faceforensics,FaceSwap,fake
C:\Users\Dani\Downloads\diploma_structure\deepfake-detection-system\data\raw\celebdf\Celeb-real\id50_0009.mp4,celebdf,Celeb-real,real
C:\Users\Dani\Downloads\diploma_structure\deepfake-detection-system\data\raw\celebdf\Celeb-synthesis\id6_id30_0009.mp4,celebdf,Celeb-synthesis,fake
C:\Users\Dani\Downloads\diploma_structure\deepfake-detection-system\data\raw\celebdf\Celeb-real\id4_0003.mp4,celebdf,Celeb-real,real
C:\Users\Dani\Downloads\diploma_structure\deepfake-detection-system\data\raw\celebdf\Celeb-synthesis\id37_id35_0000.mp4,celebdf,Celeb-synthesis,fake
C:\Users\Dani\Downloads\diploma_structure\deepfake-detection-system\data\raw\celebdf\Celeb-real\id2_0008.mp4,celebdf,Celeb-real,real
C:\Users\Dani\Downloads\diploma_structure\deepfake-detection-system\data\raw\celebdf\Celeb-real\id43_0001.mp4,celebdf,Celeb-real,real
C:\Users\Dani\Downloads\diploma_structure\deepfake-detection-system\data\raw\celebdf\YouTube-real\00210.mp4,celebdf,YouTube-real,real
C:\Users\Dani\Downloads\diploma_structure\deepfake-detection-system\data\raw\celebdf\Celeb-real\id7_0000.mp4,celebdf,Celeb-real,real
C:\Users\Dani\Downloads\diploma_structure\deepfake-detection-system\data\raw\celebdf\YouTube-real\00119.mp4,celebdf,YouTube-real,real
C:\Users\Dani\Downloads\diploma_structure\deepfake-detection-system\data\raw\celebdf\Celeb-real\id1_0000.mp4,celebdf,Celeb-real,real
C:\Users\Dani\Downloads\diploma_structure\deepfake-detection-system\data\raw\celebdf\Celeb-synthesis\id20_id19_0008.mp4,celebdf,Celeb-synthesis,fake
C:\Users\Dani\Downloads\diploma_structure\deepfake-detection-system\data\raw\celebdf\Celeb-synthesis\id52_id50_0007.mp4,celebdf,Celeb-synthesis,fake
C:\Users\Dani\Downloads\diploma_structure\deepfake-detection-system\data\raw\faceforensics\manipulated_sequences\NeuralTextures\c23\videos\672_720.mp4,faceforensics,NeuralTextures,fake
C:\Users\Dani\Downloads\diploma_structure\deepfake-detection-system\data\raw\celebdf\Celeb-real\id3_0004.mp4,celebdf,Celeb-real,real
C:\Users\Dani\Downloads\diploma_structure\deepfake-detection-system\data\raw\celebdf\Celeb-real\id60_0000.mp4,celebdf,Celeb-real,real
C:\Users\Dani\Downloads\diploma_structure\deepfake-detection-system\data\raw\dfdc\dfdctrain\fake-nttcjrrynk-0.mp4,dfdc,dfdc,fake
C:\Users\Dani\Downloads\diploma_structure\deepfake-detection-system\data\raw\celebdf\Celeb-real\id20_0002.mp4,celebdf,Celeb-real,real
C:\Users\Dani\Downloads\diploma_structure\deepfake-detection-system\data\raw\celebdf\Celeb-synthesis\id9_id0_0001.mp4,celebdf,Celeb-synthesis,fake
C:\Users\Dani\Downloads\diploma_structure\deepfake-detection-system\data\raw\faceforensics\manipulated_sequences\NeuralTextures\c23\videos\648_654.mp4,faceforensics,NeuralTextures,fake
C:\Users\Dani\Downloads\diploma_structure\deepfake-detection-system\data\raw\celebdf\Celeb-real\id26_0003.mp4,celebdf,Celeb-real,real
C:\Users\Dani\Downloads\diploma_structure\deepfake-detection-system\data\raw\celebdf\Celeb-synthesis\id16_id17_0013.mp4,celebdf,Celeb-synthesis,fake
C:\Users\Dani\Downloads\diploma_structure\deepfake-detection-system\data\raw\dfdc\dfdctrain\fake-qypwgbrgct-1.mp4,dfdc,dfdc,fake
C:\Users\Dani\Downloads\diploma_structure\deepfake-detection-system\data\raw\celebdf\YouTube-real\00006.mp4,celebdf,YouTube-real,real
C:\Users\Dani\Downloads\diploma_structure\deepfake-detection-system\data\raw\celebdf\Celeb-real\id0_0004.mp4,celebdf,Celeb-real,real
C:\Users\Dani\Downloads\diploma_structure\deepfake-detection-system\data\raw\celebdf\Celeb-real\id37_0009.mp4,celebdf,Celeb-real,real
C:\Users\Dani\Downloads\diploma_structure\deepfake-detection-system\data\raw\faceforensics\manipulated_sequences\FaceSwap\c23\videos\252_266.mp4,faceforensics,FaceSwap,fake
C:\Users\Dani\Downloads\diploma_structure\deepfake-detection-system\data\raw\faceforensics\manipulated_sequences\Deepfakes\c23\videos\044_945.mp4,faceforensics,Deepfakes,fake
C:\Users\Dani\Downloads\diploma_structure\deepfake-detection-system\data\raw\celebdf\Celeb-real\id20_0005.mp4,celebdf,Celeb-real,real
C:\Users\Dani\Downloads\diploma_structure\deepfake-detection-system\data\raw\celebdf\Celeb-real\id28_0009.mp4,celebdf,Celeb-real,real
C:\Users\Dani\Downloads\diploma_structure\deepfake-detection-system\data\raw\celebdf\Celeb-synthesis\id2_id0_0000.mp4,celebdf,Celeb-synthesis,fake
C:\Users\Dani\Downloads\diploma_structure\deepfake-detection-system\data\raw\celebdf\Celeb-synthesis\id35_id34_0008.mp4,celebdf,Celeb-synthesis,fake
C:\Users\Dani\Downloads\diploma_structure\deepfake-detection-system\data\raw\celebdf\Celeb-real\id34_0005.mp4,celebdf,Celeb-real,real
C:\Users\Dani\Downloads\diploma_structure\deepfake-detection-system\data\raw\celebdf\Celeb-synthesis\id24_id26_0002.mp4,celebdf,Celeb-synthesis,fake
C:\Users\Dani\Downloads\diploma_structure\deepfake-detection-system\data\raw\celebdf\Celeb-real\id20_0007.mp4,celebdf,Celeb-real,real
C:\Users\Dani\Downloads\diploma_structure\deepfake-detection-system\data\raw\celebdf\Celeb-synthesis\id43_id47_0005.mp4,celebdf,Celeb-synthesis,fake
C:\Users\Dani\Downloads\diploma_structure\deepfake-detection-system\data\raw\celebdf\Celeb-synthesis\id29_id34_0002.mp4,celebdf,Celeb-synthesis,fake
C:\Users\Dani\Downloads\diploma_structure\deepfake-detection-system\data\raw\celebdf\Celeb-synthesis\id6_id37_0005.mp4,celebdf,Celeb-synthesis,fake
C:\Users\Dani\Downloads\diploma_structure\deepfake-detection-system\data\raw\celebdf\Celeb-real\id36_0005.mp4,celebdf,Celeb-real,real
C:\Users\Dani\Downloads\diploma_structure\deepfake-detection-system\data\raw\celebdf\YouTube-real\00162.mp4,celebdf,YouTube-real,real
C:\Users\Dani\Downloads\diploma_structure\deepfake-detection-system\data\raw\celebdf\Celeb-synthesis\id49_id52_0008.mp4,celebdf,Celeb-synthesis,fake
C:\Users\Dani\Downloads\diploma_structure\deepfake-detection-system\data\raw\celebdf\YouTube-real\00202.mp4,celebdf,YouTube-real,real
C:\Users\Dani\Downloads\diploma_structure\deepfake-detection-system\data\raw\celebdf\Celeb-real\id39_0009.mp4,celebdf,Celeb-real,real
C:\Users\Dani\Downloads\diploma_structure\deepfake-detection-system\data\raw\celebdf\Celeb-real\id45_0004.mp4,celebdf,Celeb-real,real
C:\Users\Dani\Downloads\diploma_structure\deepfake-detection-system\data\raw\celebdf\Celeb-real\id38_0004.mp4,celebdf,Celeb-real,real
C:\Users\Dani\Downloads\diploma_structure\deepfake-detection-system\data\raw\faceforensics\manipulated_sequences\NeuralTextures\c23\videos\828_830.mp4,faceforensics,NeuralTextures,fake
C:\Users\Dani\Downloads\diploma_structure\deepfake-detection-system\data\raw\celebdf\Celeb-real\id8_0006.mp4,celebdf,Celeb-real,real
C:\Users\Dani\Downloads\diploma_structure\deepfake-detection-system\data\raw\celebdf\Celeb-real\id59_0008.mp4,celebdf,Celeb-real,real
C:\Users\Dani\Downloads\diploma_structure\deepfake-detection-system\data\raw\faceforensics\manipulated_sequences\Face2Face\c23\videos\917_924.mp4,faceforensics,Face2Face,fake
C:\Users\Dani\Downloads\diploma_structure\deepfake-detection-system\data\raw\celebdf\Celeb-synthesis\id40_id47_0008.mp4,celebdf,Celeb-synthesis,fake
C:\Users\Dani\Downloads\diploma_structure\deepfake-detection-system\data\raw\celebdf\Celeb-synthesis\id4_id35_0000.mp4,celebdf,Celeb-synthesis,fake
C:\Users\Dani\Downloads\diploma_structure\deepfake-detection-system\data\raw\celebdf\Celeb-real\id9_0004.mp4,celebdf,Celeb-real,real
C:\Users\Dani\Downloads\diploma_structure\deepfake-detection-system\data\raw\celebdf\Celeb-real\id26_0007.mp4,celebdf,Celeb-real,real
C:\Users\Dani\Downloads\diploma_structure\deepfake-detection-system\data\raw\dfdc\dfdctrain\real-ekzlzfmhoo-0.mp4,dfdc,dfdc,real
C:\Users\Dani\Downloads\diploma_structure\deepfake-detection-system\data\raw\faceforensics\manipulated_sequences\Face2Face\c23\videos\183_253.mp4,faceforensics,Face2Face,fake
C:\Users\Dani\Downloads\diploma_structure\deepfake-detection-system\data\raw\celebdf\Celeb-synthesis\id59_id61_0002.mp4,celebdf,Celeb-synthesis,fake
C:\Users\Dani\Downloads\diploma_structure\deepfake-detection-system\data\raw\celebdf\YouTube-real\00107.mp4,celebdf,YouTube-real,real
C:\Users\Dani\Downloads\diploma_structure\deepfake-detection-system\data\raw\celebdf\Celeb-synthesis\id4_id20_0004.mp4,celebdf,Celeb-synthesis,fake
C:\Users\Dani\Downloads\diploma_structure\deepfake-detection-system\data\raw\celebdf\Celeb-synthesis\id42_id40_0002.mp4,celebdf,Celeb-synthesis,fake
C:\Users\Dani\Downloads\diploma_structure\deepfake-detection-system\data\raw\celebdf\Celeb-real\id6_0001.mp4,celebdf,Celeb-real,real
C:\Users\Dani\Downloads\diploma_structure\deepfake-detection-system\data\raw\celebdf\Celeb-synthesis\id55_id53_0007.mp4,celebdf,Celeb-synthesis,fake
C:\Users\Dani\Downloads\diploma_structure\deepfake-detection-system\data\raw\celebdf\YouTube-real\00039.mp4,celebdf,YouTube-real,real
C:\Users\Dani\Downloads\diploma_structure\deepfake-detection-system\data\raw\celebdf\Celeb-real\id52_0000.mp4,celebdf,Celeb-real,real
C:\Users\Dani\Downloads\diploma_structure\deepfake-detection-system\data\raw\celebdf\Celeb-real\id59_0006.mp4,celebdf,Celeb-real,real
C:\Users\Dani\Downloads\diploma_structure\deepfake-detection-system\data\raw\celebdf\Celeb-synthesis\id17_id1_0003.mp4,celebdf,Celeb-synthesis,fake
C:\Users\Dani\Downloads\diploma_structure\deepfake-detection-system\data\raw\celebdf\Celeb-real\id27_0004.mp4,celebdf,Celeb-real,real
C:\Users\Dani\Downloads\diploma_structure\deepfake-detection-system\data\raw\celebdf\Celeb-real\id47_0006.mp4,celebdf,Celeb-real,real
C:\Users\Dani\Downloads\diploma_structure\deepfake-detection-system\data\raw\celebdf\Celeb-real\id22_0003.mp4,celebdf,Celeb-real,real
C:\Users\Dani\Downloads\diploma_structure\deepfake-detection-system\data\raw\celebdf\YouTube-real\00122.mp4,celebdf,YouTube-real,real
C:\Users\Dani\Downloads\diploma_structure\deepfake-detection-system\data\raw\celebdf\Celeb-real\id45_0000.mp4,celebdf,Celeb-real,real
C:\Users\Dani\Downloads\diploma_structure\deepfake-detection-system\data\raw\celebdf\Celeb-real\id25_0007.mp4,celebdf,Celeb-real,real
C:\Users\Dani\Downloads\diploma_structure\deepfake-detection-system\data\raw\celebdf\Celeb-synthesis\id0_id2_0008.mp4,celebdf,Celeb-synthesis,fake
C:\Users\Dani\Downloads\diploma_structure\deepfake-detection-system\data\raw\celebdf\Celeb-synthesis\id31_id1_0009.mp4,celebdf,Celeb-synthesis,fake
C:\Users\Dani\Downloads\diploma_structure\deepfake-detection-system\data\raw\celebdf\Celeb-real\id19_0002.mp4,celebdf,Celeb-real,real
C:\Users\Dani\Downloads\diploma_structure\deepfake-detection-system\data\raw\celebdf\Celeb-synthesis\id25_id26_0007.mp4,celebdf,Celeb-synthesis,fake
C:\Users\Dani\Downloads\diploma_structure\deepfake-detection-system\data\raw\celebdf\Celeb-real\id31_0001.mp4,celebdf,Celeb-real,real
C:\Users\Dani\Downloads\diploma_structure\deepfake-detection-system\data\raw\celebdf\YouTube-real\00071.mp4,celebdf,YouTube-real,real
C:\Users\Dani\Downloads\diploma_structure\deepfake-detection-system\data\raw\celebdf\Celeb-synthesis\id29_id30_0004.mp4,celebdf,Celeb-synthesis,fake
C:\Users\Dani\Downloads\diploma_structure\deepfake-detection-system\data\raw\celebdf\Celeb-real\id61_0000.mp4,celebdf,Celeb-real,real
C:\Users\Dani\Downloads\diploma_structure\deepfake-detection-system\data\raw\faceforensics\manipulated_sequences\Deepfakes\c23\videos\159_175.mp4,faceforensics,Deepfakes,fake
C:\Users\Dani\Downloads\diploma_structure\deepfake-detection-system\data\raw\celebdf\Celeb-synthesis\id28_id22_0007.mp4,celebdf,Celeb-synthesis,fake
C:\Users\Dani\Downloads\diploma_structure\deepfake-detection-system\data\raw\celebdf\Celeb-real\id37_0000.mp4,celebdf,Celeb-real,real
C:\Users\Dani\Downloads\diploma_structure\deepfake-detection-system\data\raw\celebdf\YouTube-real\00223.mp4,celebdf,YouTube-real,real
C:\Users\Dani\Downloads\diploma_structure\deepfake-detection-system\data\raw\celebdf\Celeb-real\id36_0007.mp4,celebdf,Celeb-real,real
C:\Users\Dani\Downloads\diploma_structure\deepfake-detection-system\data\raw\celebdf\Celeb-synthesis\id23_id30_0005.mp4,celebdf,Celeb-synthesis,fake
C:\Users\Dani\Downloads\diploma_structure\deepfake-detection-system\data\raw\celebdf\Celeb-real\id56_0008.mp4,celebdf,Celeb-real,real
C:\Users\Dani\Downloads\diploma_structure\deepfake-detection-system\data\raw\dfdc\dfdctrain\real-wknpfatwev-0.mp4,dfdc,dfdc,real
C:\Users\Dani\Downloads\diploma_structure\deepfake-detection-system\data\raw\faceforensics\manipulated_sequences\FaceSwap\c23\videos\657_644.mp4,faceforensics,FaceSwap,fake
C:\Users\Dani\Downloads\diploma_structure\deepfake-detection-system\data\raw\celebdf\Celeb-real\id25_0009.mp4,celebdf,Celeb-real,real
C:\Users\Dani\Downloads\diploma_structure\deepfake-detection-system\data\raw\faceforensics\manipulated_sequences\NeuralTextures\c23\videos\599_585.mp4,faceforensics,NeuralTextures,fake
C:\Users\Dani\Downloads\diploma_structure\deepfake-detection-system\data\raw\celebdf\Celeb-synthesis\id17_id28_0001.mp4,celebdf,Celeb-synthesis,fake
C:\Users\Dani\Downloads\diploma_structure\deepfake-detection-system\data\raw\celebdf\Celeb-synthesis\id16_id23_0005.mp4,celebdf,Celeb-synthesis,fake
C:\Users\Dani\Downloads\diploma_structure\deepfake-detection-system\data\raw\celebdf\Celeb-real\id43_0007.mp4,celebdf,Celeb-real,real
C:\Users\Dani\Downloads\diploma_structure\deepfake-detection-system\data\raw\dfdc\dfdctrain\fake-izurqowaxf-0.mp4,dfdc,dfdc,fake
C:\Users\Dani\Downloads\diploma_structure\deepfake-detection-system\data\raw\celebdf\Celeb-synthesis\id26_id37_0009.mp4,celebdf,Celeb-synthesis,fake
C:\Users\Dani\Downloads\diploma_structure\deepfake-detection-system\data\raw\celebdf\Celeb-real\id43_0004.mp4,celebdf,Celeb-real,real
C:\Users\Dani\Downloads\diploma_structure\deepfake-detection-system\data\raw\dfdc\dfdctrain\fake-dqgjsmzcel-0.mp4,dfdc,dfdc,fake
C:\Users\Dani\Downloads\diploma_structure\deepfake-detection-system\data\raw\celebdf\Celeb-synthesis\id28_id4_0002.mp4,celebdf,Celeb-synthesis,fake
C:\Users\Dani\Downloads\diploma_structure\deepfake-detection-system\data\raw\celebdf\Celeb-real\id55_0000.mp4,celebdf,Celeb-real,real
C:\Users\Dani\Downloads\diploma_structure\deepfake-detection-system\data\raw\celebdf\Celeb-real\id29_0004.mp4,celebdf,Celeb-real,real
C:\Users\Dani\Downloads\diploma_structure\deepfake-detection-system\data\raw\celebdf\Celeb-synthesis\id50_id54_0007.mp4,celebdf,Celeb-synthesis,fake
C:\Users\Dani\Downloads\diploma_structure\deepfake-detection-system\data\raw\celebdf\YouTube-real\00285.mp4,celebdf,YouTube-real,real
C:\Users\Dani\Downloads\diploma_structure\deepfake-detection-system\data\raw\celebdf\Celeb-synthesis\id1_id30_0003.mp4,celebdf,Celeb-synthesis,fake
C:\Users\Dani\Downloads\diploma_structure\deepfake-detection-system\data\raw\celebdf\YouTube-real\00244.mp4,celebdf,YouTube-real,real
C:\Users\Dani\Downloads\diploma_structure\deepfake-detection-system\data\raw\celebdf\YouTube-real\00097.mp4,celebdf,YouTube-real,real
C:\Users\Dani\Downloads\diploma_structure\deepfake-detection-system\data\raw\celebdf\Celeb-real\id43_0005.mp4,celebdf,Celeb-real,real
C:\Users\Dani\Downloads\diploma_structure\deepfake-detection-system\data\raw\celebdf\Celeb-synthesis\id51_id49_0007.mp4,celebdf,Celeb-synthesis,fake
C:\Users\Dani\Downloads\diploma_structure\deepfake-detection-system\data\raw\dfdc\dfdctrain\fake-rvhdiancpz-0.mp4,dfdc,dfdc,fake
C:\Users\Dani\Downloads\diploma_structure\deepfake-detection-system\data\raw\celebdf\Celeb-synthesis\id38_id31_0009.mp4,celebdf,Celeb-synthesis,fake
C:\Users\Dani\Downloads\diploma_structure\deepfake-detection-system\data\raw\faceforensics\manipulated_sequences\FaceSwap\c23\videos\992_980.mp4,faceforensics,FaceSwap,fake
C:\Users\Dani\Downloads\diploma_structure\deepfake-detection-system\data\raw\celebdf\Celeb-synthesis\id57_id56_0007.mp4,celebdf,Celeb-synthesis,fake
C:\Users\Dani\Downloads\diploma_structure\deepfake-detection-system\data\raw\celebdf\Celeb-real\id57_0002.mp4,celebdf,Celeb-real,real
C:\Users\Dani\Downloads\diploma_structure\deepfake-detection-system\data\raw\celebdf\YouTube-real\00176.mp4,celebdf,YouTube-real,real
C:\Users\Dani\Downloads\diploma_structure\deepfake-detection-system\data\raw\celebdf\Celeb-synthesis\id35_id6_0009.mp4,celebdf,Celeb-synthesis,fake
C:\Users\Dani\Downloads\diploma_structure\deepfake-detection-system\data\raw\dfdc\dfdctrain\real-kbxmnovqbo-1.mp4,dfdc,dfdc,real
C:\Users\Dani\Downloads\diploma_structure\deepfake-detection-system\data\raw\celebdf\Celeb-real\id6_0007.mp4,celebdf,Celeb-real,real
C:\Users\Dani\Downloads\diploma_structure\deepfake-detection-system\data\raw\celebdf\Celeb-real\id51_0008.mp4,celebdf,Celeb-real,real
C:\Users\Dani\Downloads\diploma_structure\deepfake-detection-system\data\raw\celebdf\Celeb-real\id55_0003.mp4,celebdf,Celeb-real,real
C:\Users\Dani\Downloads\diploma_structure\deepfake-detection-system\data\raw\celebdf\Celeb-synthesis\id8_id1_0002.mp4,celebdf,Celeb-synthesis,fake
C:\Users\Dani\Downloads\diploma_structure\deepfake-detection-system\data\raw\celebdf\Celeb-real\id56_0002.mp4,celebdf,Celeb-real,real
C:\Users\Dani\Downloads\diploma_structure\deepfake-detection-system\data\raw\celebdf\Celeb-synthesis\id43_id48_0008.mp4,celebdf,Celeb-synthesis,fake
C:\Users\Dani\Downloads\diploma_structure\deepfake-detection-system\data\raw\celebdf\Celeb-synthesis\id53_id50_0005.mp4,celebdf,Celeb-synthesis,fake
C:\Users\Dani\Downloads\diploma_structure\deepfake-detection-system\data\raw\celebdf\Celeb-real\id46_0007.mp4,celebdf,Celeb-real,real
C:\Users\Dani\Downloads\diploma_structure\deepfake-detection-system\data\raw\celebdf\Celeb-real\id31_0003.mp4,celebdf,Celeb-real,real
C:\Users\Dani\Downloads\diploma_structure\deepfake-detection-system\data\raw\celebdf\Celeb-real\id29_0002.mp4,celebdf,Celeb-real,real
C:\Users\Dani\Downloads\diploma_structure\deepfake-detection-system\data\raw\celebdf\Celeb-real\id33_0003.mp4,celebdf,Celeb-real,real
C:\Users\Dani\Downloads\diploma_structure\deepfake-detection-system\data\raw\celebdf\Celeb-synthesis\id4_id26_0008.mp4,celebdf,Celeb-synthesis,fake
C:\Users\Dani\Downloads\diploma_structure\deepfake-detection-system\data\raw\celebdf\Celeb-real\id29_0000.mp4,celebdf,Celeb-real,real
C:\Users\Dani\Downloads\diploma_structure\deepfake-detection-system\data\raw\faceforensics\original_sequences\youtube\c23\videos\241.mp4,faceforensics,original,real
C:\Users\Dani\Downloads\diploma_structure\deepfake-detection-system\data\raw\celebdf\YouTube-real\00164.mp4,celebdf,YouTube-real,real
C:\Users\Dani\Downloads\diploma_structure\deepfake-detection-system\data\raw\celebdf\Celeb-real\id35_0003.mp4,celebdf,Celeb-real,real
C:\Users\Dani\Downloads\diploma_structure\deepfake-detection-system\data\raw\celebdf\Celeb-synthesis\id20_id35_0000.mp4,celebdf,Celeb-synthesis,fake
C:\Users\Dani\Downloads\diploma_structure\deepfake-detection-system\data\raw\celebdf\Celeb-synthesis\id58_id56_0002.mp4,celebdf,Celeb-synthesis,fake
C:\Users\Dani\Downloads\diploma_structure\deepfake-detection-system\data\raw\celebdf\Celeb-synthesis\id17_id6_0004.mp4,celebdf,Celeb-synthesis,fake
C:\Users\Dani\Downloads\diploma_structure\deepfake-detection-system\data\raw\celebdf\Celeb-real\id24_0004.mp4,celebdf,Celeb-real,real
C:\Users\Dani\Downloads\diploma_structure\deepfake-detection-system\data\raw\celebdf\Celeb-synthesis\id37_id6_0008.mp4,celebdf,Celeb-synthesis,fake
C:\Users\Dani\Downloads\diploma_structure\deepfake-detection-system\data\raw\celebdf\Celeb-real\id27_0001.mp4,celebdf,Celeb-real,real
C:\Users\Dani\Downloads\diploma_structure\deepfake-detection-system\data\raw\celebdf\Celeb-real\id51_0006.mp4,celebdf,Celeb-real,real
C:\Users\Dani\Downloads\diploma_structure\deepfake-detection-system\data\raw\celebdf\Celeb-real\id1_0006.mp4,celebdf,Celeb-real,real
C:\Users\Dani\Downloads\diploma_structure\deepfake-detection-system\data\raw\celebdf\Celeb-real\id0_0006.mp4,celebdf,Celeb-real,real
C:\Users\Dani\Downloads\diploma_structure\deepfake-detection-system\data\raw\celebdf\Celeb-synthesis\id47_id43_0008.mp4,celebdf,Celeb-synthesis,fake
C:\Users\Dani\Downloads\diploma_structure\deepfake-detection-system\data\raw\celebdf\Celeb-real\id40_0006.mp4,celebdf,Celeb-real,real
C:\Users\Dani\Downloads\diploma_structure\deepfake-detection-system\data\raw\celebdf\Celeb-synthesis\id17_id2_0002.mp4,celebdf,Celeb-synthesis,fake
C:\Users\Dani\Downloads\diploma_structure\deepfake-detection-system\data\raw\celebdf\Celeb-synthesis\id28_id29_0009.mp4,celebdf,Celeb-synthesis,fake
C:\Users\Dani\Downloads\diploma_structure\deepfake-detection-system\data\raw\celebdf\YouTube-real\00009.mp4,celebdf,YouTube-real,real
C:\Users\Dani\Downloads\diploma_structure\deepfake-detection-system\data\raw\celebdf\YouTube-real\00084.mp4,celebdf,YouTube-real,real
C:\Users\Dani\Downloads\diploma_structure\deepfake-detection-system\data\raw\celebdf\Celeb-synthesis\id4_id0_0001.mp4,celebdf,Celeb-synthesis,fake
C:\Users\Dani\Downloads\diploma_structure\deepfake-detection-system\data\raw\celebdf\Celeb-real\id5_0006.mp4,celebdf,Celeb-real,real
C:\Users\Dani\Downloads\diploma_structure\deepfake-detection-system\data\raw\celebdf\YouTube-real\00109.mp4,celebdf,YouTube-real,real
C:\Users\Dani\Downloads\diploma_structure\deepfake-detection-system\data\raw\celebdf\Celeb-real\id23_0005.mp4,celebdf,Celeb-real,real
C:\Users\Dani\Downloads\diploma_structure\deepfake-detection-system\data\raw\faceforensics\original_sequences\youtube\c23\videos\339.mp4,faceforensics,original,real
C:\Users\Dani\Downloads\diploma_structure\deepfake-detection-system\data\raw\celebdf\Celeb-synthesis\id37_id30_0001.mp4,celebdf,Celeb-synthesis,fake
C:\Users\Dani\Downloads\diploma_structure\deepfake-detection-system\data\raw\celebdf\Celeb-synthesis\id39_id43_0008.mp4,celebdf,Celeb-synthesis,fake
C:\Users\Dani\Downloads\diploma_structure\deepfake-detection-system\data\raw\faceforensics\manipulated_sequences\FaceSwap\c23\videos\396_272.mp4,faceforensics,FaceSwap,fake
C:\Users\Dani\Downloads\diploma_structure\deepfake-detection-system\data\raw\celebdf\Celeb-synthesis\id32_id21_0008.mp4,celebdf,Celeb-synthesis,fake
C:\Users\Dani\Downloads\diploma_structure\deepfake-detection-system\data\raw\dfdc\dfdctrain\fake-fqeytkksjm-1.mp4,dfdc,dfdc,fake
C:\Users\Dani\Downloads\diploma_structure\deepfake-detection-system\data\raw\celebdf\Celeb-real\id47_0000.mp4,celebdf,Celeb-real,real
C:\Users\Dani\Downloads\diploma_structure\deepfake-detection-system\data\raw\celebdf\YouTube-real\00296.mp4,celebdf,YouTube-real,real
C:\Users\Dani\Downloads\diploma_structure\deepfake-detection-system\data\raw\celebdf\Celeb-synthesis\id29_id33_0003.mp4,celebdf,Celeb-synthesis,fake
C:\Users\Dani\Downloads\diploma_structure\deepfake-detection-system\data\raw\celebdf\Celeb-synthesis\id16_id35_0011.mp4,celebdf,Celeb-synthesis,fake
C:\Users\Dani\Downloads\diploma_structure\deepfake-detection-system\data\raw\celebdf\Celeb-synthesis\id19_id25_0004.mp4,celebdf,Celeb-synthesis,fake
C:\Users\Dani\Downloads\diploma_structure\deepfake-detection-system\data\raw\celebdf\YouTube-real\00194.mp4,celebdf,YouTube-real,real
C:\Users\Dani\Downloads\diploma_structure\deepfake-detection-system\data\raw\celebdf\Celeb-synthesis\id42_id46_0000.mp4,celebdf,Celeb-synthesis,fake
C:\Users\Dani\Downloads\diploma_structure\deepfake-detection-system\data\raw\celebdf\Celeb-synthesis\id55_id53_0002.mp4,celebdf,Celeb-synthesis,fake
C:\Users\Dani\Downloads\diploma_structure\deepfake-detection-system\data\raw\celebdf\Celeb-synthesis\id58_id54_0004.mp4,celebdf,Celeb-synthesis,fake
C:\Users\Dani\Downloads\diploma_structure\deepfake-detection-system\data\raw\celebdf\Celeb-synthesis\id26_id0_0005.mp4,celebdf,Celeb-synthesis,fake
C:\Users\Dani\Downloads\diploma_structure\deepfake-detection-system\data\raw\dfdc\dfdctrain\fake-dcptbihiel-0.mp4,dfdc,dfdc,fake
C:\Users\Dani\Downloads\diploma_structure\deepfake-detection-system\data\raw\celebdf\Celeb-real\id30_0006.mp4,celebdf,Celeb-real,real
C:\Users\Dani\Downloads\diploma_structure\deepfake-detection-system\data\raw\celebdf\YouTube-real\00190.mp4,celebdf,YouTube-real,real
C:\Users\Dani\Downloads\diploma_structure\deepfake-detection-system\data\raw\celebdf\Celeb-synthesis\id54_id57_0001.mp4,celebdf,Celeb-synthesis,fake
C:\Users\Dani\Downloads\diploma_structure\deepfake-detection-system\data\raw\celebdf\Celeb-real\id43_0008.mp4,celebdf,Celeb-real,real
C:\Users\Dani\Downloads\diploma_structure\deepfake-detection-system\data\raw\celebdf\Celeb-synthesis\id28_id26_0002.mp4,celebdf,Celeb-synthesis,fake
C:\Users\Dani\Downloads\diploma_structure\deepfake-detection-system\data\raw\faceforensics\original_sequences\youtube\c23\videos\924.mp4,faceforensics,original,real
C:\Users\Dani\Downloads\diploma_structure\deepfake-detection-system\data\raw\celebdf\YouTube-real\00143.mp4,celebdf,YouTube-real,real
C:\Users\Dani\Downloads\diploma_structure\deepfake-detection-system\data\raw\dfdc\dfdctrain\fake-ohofmyydou-0.mp4,dfdc,dfdc,fake
C:\Users\Dani\Downloads\diploma_structure\deepfake-detection-system\data\raw\celebdf\Celeb-synthesis\id21_id23_0009.mp4,celebdf,Celeb-synthesis,fake
C:\Users\Dani\Downloads\diploma_structure\deepfake-detection-system\data\raw\dfdc\dfdctrain\real-cqxylbgxnc-0.mp4,dfdc,dfdc,real
C:\Users\Dani\Downloads\diploma_structure\deepfake-detection-system\data\raw\celebdf\Celeb-real\id2_0000.mp4,celebdf,Celeb-real,real
C:\Users\Dani\Downloads\diploma_structure\deepfake-detection-system\data\raw\celebdf\Celeb-real\id19_0007.mp4,celebdf,Celeb-real,real
C:\Users\Dani\Downloads\diploma_structure\deepfake-detection-system\data\raw\celebdf\Celeb-synthesis\id29_id23_0002.mp4,celebdf,Celeb-synthesis,fake
C:\Users\Dani\Downloads\diploma_structure\deepfake-detection-system\data\raw\celebdf\Celeb-real\id54_0009.mp4,celebdf,Celeb-real,real
C:\Users\Dani\Downloads\diploma_structure\deepfake-detection-system\data\raw\celebdf\Celeb-synthesis\id46_id42_0005.mp4,celebdf,Celeb-synthesis,fake
C:\Users\Dani\Downloads\diploma_structure\deepfake-detection-system\data\raw\celebdf\Celeb-real\id55_0005.mp4,celebdf,Celeb-real,real
C:\Users\Dani\Downloads\diploma_structure\deepfake-detection-system\data\raw\celebdf\Celeb-real\id35_0008.mp4,celebdf,Celeb-real,real
C:\Users\Dani\Downloads\diploma_structure\deepfake-detection-system\data\raw\celebdf\Celeb-real\id34_0002.mp4,celebdf,Celeb-real,real
C:\Users\Dani\Downloads\diploma_structure\deepfake-detection-system\data\raw\celebdf\Celeb-real\id34_0003.mp4,celebdf,Celeb-real,real
C:\Users\Dani\Downloads\diploma_structure\deepfake-detection-system\data\raw\dfdc\dfdctrain\fake-nkvgaupnen-1.mp4,dfdc,dfdc,fake
C:\Users\Dani\Downloads\diploma_structure\deepfake-detection-system\data\raw\celebdf\Celeb-real\id30_0009.mp4,celebdf,Celeb-real,real
C:\Users\Dani\Downloads\diploma_structure\deepfake-detection-system\data\raw\faceforensics\manipulated_sequences\NeuralTextures\c23\videos\241_210.mp4,faceforensics,NeuralTextures,fake
C:\Users\Dani\Downloads\diploma_structure\deepfake-detection-system\data\raw\celebdf\Celeb-real\id12_0001.mp4,celebdf,Celeb-real,real
C:\Users\Dani\Downloads\diploma_structure\deepfake-detection-system\data\raw\celebdf\Celeb-real\id49_0008.mp4,celebdf,Celeb-real,real
C:\Users\Dani\Downloads\diploma_structure\deepfake-detection-system\data\raw\celebdf\Celeb-synthesis\id23_id24_0000.mp4,celebdf,Celeb-synthesis,fake
C:\Users\Dani\Downloads\diploma_structure\deepfake-detection-system\data\raw\dfdc\dfdctrain\fake-tfwwujmztf-0.mp4,dfdc,dfdc,fake
C:\Users\Dani\Downloads\diploma_structure\deepfake-detection-system\data\raw\celebdf\Celeb-real\id46_0005.mp4,celebdf,Celeb-real,real
C:\Users\Dani\Downloads\diploma_structure\deepfake-detection-system\data\raw\celebdf\YouTube-real\00133.mp4,celebdf,YouTube-real,real
C:\Users\Dani\Downloads\diploma_structure\deepfake-detection-system\data\raw\celebdf\Celeb-real\id54_0006.mp4,celebdf,Celeb-real,real
C:\Users\Dani\Downloads\diploma_structure\deepfake-detection-system\data\raw\celebdf\Celeb-real\id1_0004.mp4,celebdf,Celeb-real,real
C:\Users\Dani\Downloads\diploma_structure\deepfake-detection-system\data\raw\celebdf\Celeb-synthesis\id28_id38_0006.mp4,celebdf,Celeb-synthesis,fake
C:\Users\Dani\Downloads\diploma_structure\deepfake-detection-system\data\raw\faceforensics\manipulated_sequences\Deepfakes\c23\videos\828_830.mp4,faceforensics,Deepfakes,fake
C:\Users\Dani\Downloads\diploma_structure\deepfake-detection-system\data\raw\faceforensics\manipulated_sequences\Face2Face\c23\videos\175_159.mp4,faceforensics,Face2Face,fake
C:\Users\Dani\Downloads\diploma_structure\deepfake-detection-system\data\raw\celebdf\YouTube-real\00019.mp4,celebdf,YouTube-real,real
C:\Users\Dani\Downloads\diploma_structure\deepfake-detection-system\data\raw\celebdf\YouTube-real\00008.mp4,celebdf,YouTube-real,real
C:\Users\Dani\Downloads\diploma_structure\deepfake-detection-system\data\raw\celebdf\YouTube-real\00137.mp4,celebdf,YouTube-real,real
C:\Users\Dani\Downloads\diploma_structure\deepfake-detection-system\data\raw\celebdf\Celeb-synthesis\id16_id20_0006.mp4,celebdf,Celeb-synthesis,fake
C:\Users\Dani\Downloads\diploma_structure\deepfake-detection-system\data\raw\celebdf\Celeb-synthesis\id27_id24_0004.mp4,celebdf,Celeb-synthesis,fake
C:\Users\Dani\Downloads\diploma_structure\deepfake-detection-system\data\raw\celebdf\Celeb-real\id35_0002.mp4,celebdf,Celeb-real,real
C:\Users\Dani\Downloads\diploma_structure\deepfake-detection-system\data\raw\celebdf\Celeb-synthesis\id34_id32_0003.mp4,celebdf,Celeb-synthesis,fake
C:\Users\Dani\Downloads\diploma_structure\deepfake-detection-system\data\raw\celebdf\YouTube-real\00221.mp4,celebdf,YouTube-real,real
C:\Users\Dani\Downloads\diploma_structure\deepfake-detection-system\data\raw\celebdf\YouTube-real\00105.mp4,celebdf,YouTube-real,real
C:\Users\Dani\Downloads\diploma_structure\deepfake-detection-system\data\raw\celebdf\Celeb-synthesis\id35_id30_0005.mp4,celebdf,Celeb-synthesis,fake
C:\Users\Dani\Downloads\diploma_structure\deepfake-detection-system\data\raw\celebdf\Celeb-synthesis\id48_id39_0001.mp4,celebdf,Celeb-synthesis,fake
C:\Users\Dani\Downloads\diploma_structure\deepfake-detection-system\data\raw\celebdf\YouTube-real\00224.mp4,celebdf,YouTube-real,real
C:\Users\Dani\Downloads\diploma_structure\deepfake-detection-system\data\raw\celebdf\Celeb-synthesis\id2_id20_0008.mp4,celebdf,Celeb-synthesis,fake
C:\Users\Dani\Downloads\diploma_structure\deepfake-detection-system\data\raw\celebdf\Celeb-synthesis\id26_id31_0009.mp4,celebdf,Celeb-synthesis,fake
C:\Users\Dani\Downloads\diploma_structure\deepfake-detection-system\data\raw\celebdf\Celeb-synthesis\id32_id34_0007.mp4,celebdf,Celeb-synthesis,fake
C:\Users\Dani\Downloads\diploma_structure\deepfake-detection-system\data\raw\faceforensics\manipulated_sequences\Face2Face\c23\videos\945_044.mp4,faceforensics,Face2Face,fake
C:\Users\Dani\Downloads\diploma_structure\deepfake-detection-system\data\raw\celebdf\Celeb-real\id56_0000.mp4,celebdf,Celeb-real,real
C:\Users\Dani\Downloads\diploma_structure\deepfake-detection-system\data\raw\celebdf\Celeb-real\id13_0001.mp4,celebdf,Celeb-real,real
C:\Users\Dani\Downloads\diploma_structure\deepfake-detection-system\data\raw\faceforensics\manipulated_sequences\Face2Face\c23\videos\210_241.mp4,faceforensics,Face2Face,fake
C:\Users\Dani\Downloads\diploma_structure\deepfake-detection-system\data\raw\celebdf\YouTube-real\00266.mp4,celebdf,YouTube-real,real
C:\Users\Dani\Downloads\diploma_structure\deepfake-detection-system\data\raw\celebdf\Celeb-synthesis\id41_id40_0009.mp4,celebdf,Celeb-synthesis,fake
C:\Users\Dani\Downloads\diploma_structure\deepfake-detection-system\data\raw\celebdf\Celeb-synthesis\id3_id1_0004.mp4,celebdf,Celeb-synthesis,fake
C:\Users\Dani\Downloads\diploma_structure\deepfake-detection-system\data\raw\celebdf\Celeb-real\id33_0004.mp4,celebdf,Celeb-real,real
C:\Users\Dani\Downloads\diploma_structure\deepfake-detection-system\data\raw\celebdf\YouTube-real\00041.mp4,celebdf,YouTube-real,real
C:\Users\Dani\Downloads\diploma_structure\deepfake-detection-system\data\raw\celebdf\Celeb-synthesis\id8_id1_0003.mp4,celebdf,Celeb-synthesis,fake
C:\Users\Dani\Downloads\diploma_structure\deepfake-detection-system\data\raw\celebdf\Celeb-synthesis\id37_id31_0002.mp4,celebdf,Celeb-synthesis,fake
C:\Users\Dani\Downloads\diploma_structure\deepfake-detection-system\data\raw\celebdf\Celeb-real\id22_0000.mp4,celebdf,Celeb-real,real
C:\Users\Dani\Downloads\diploma_structure\deepfake-detection-system\data\raw\celebdf\YouTube-real\00241.mp4,celebdf,YouTube-real,real
C:\Users\Dani\Downloads\diploma_structure\deepfake-detection-system\data\raw\faceforensics\manipulated_sequences\Face2Face\c23\videos\878_866.mp4,faceforensics,Face2Face,fake
C:\Users\Dani\Downloads\diploma_structure\deepfake-detection-system\data\raw\celebdf\Celeb-real\id0_0008.mp4,celebdf,Celeb-real,real
C:\Users\Dani\Downloads\diploma_structure\deepfake-detection-system\data\raw\dfdc\dfdctrain\fake-jzbclihsto-0.mp4,dfdc,dfdc,fake
C:\Users\Dani\Downloads\diploma_structure\deepfake-detection-system\data\raw\celebdf\YouTube-real\00062.mp4,celebdf,YouTube-real,real
C:\Users\Dani\Downloads\diploma_structure\deepfake-detection-system\data\raw\celebdf\Celeb-synthesis\id44_id39_0003.mp4,celebdf,Celeb-synthesis,fake
C:\Users\Dani\Downloads\diploma_structure\deepfake-detection-system\data\raw\celebdf\Celeb-synthesis\id16_id1_0009.mp4,celebdf,Celeb-synthesis,fake
C:\Users\Dani\Downloads\diploma_structure\deepfake-detection-system\data\raw\celebdf\Celeb-synthesis\id31_id21_0006.mp4,celebdf,Celeb-synthesis,fake
C:\Users\Dani\Downloads\diploma_structure\deepfake-detection-system\data\raw\celebdf\Celeb-real\id24_0002.mp4,celebdf,Celeb-real,real
C:\Users\Dani\Downloads\diploma_structure\deepfake-detection-system\data\raw\celebdf\Celeb-synthesis\id3_id37_0001.mp4,celebdf,Celeb-synthesis,fake
C:\Users\Dani\Downloads\diploma_structure\deepfake-detection-system\data\raw\celebdf\Celeb-synthesis\id29_id37_0008.mp4,celebdf,Celeb-synthesis,fake
C:\Users\Dani\Downloads\diploma_structure\deepfake-detection-system\data\raw\faceforensics\manipulated_sequences\NeuralTextures\c23\videos\134_192.mp4,faceforensics,NeuralTextures,fake
C:\Users\Dani\Downloads\diploma_structure\deepfake-detection-system\data\raw\celebdf\Celeb-real\id20_0008.mp4,celebdf,Celeb-real,real
C:\Users\Dani\Downloads\diploma_structure\deepfake-detection-system\data\raw\celebdf\YouTube-real\00208.mp4,celebdf,YouTube-real,real
C:\Users\Dani\Downloads\diploma_structure\deepfake-detection-system\data\raw\celebdf\Celeb-synthesis\id1_id23_0002.mp4,celebdf,Celeb-synthesis,fake
C:\Users\Dani\Downloads\diploma_structure\deepfake-detection-system\data\raw\celebdf\Celeb-synthesis\id37_id29_0006.mp4,celebdf,Celeb-synthesis,fake
C:\Users\Dani\Downloads\diploma_structure\deepfake-detection-system\data\raw\celebdf\YouTube-real\00258.mp4,celebdf,YouTube-real,real
C:\Users\Dani\Downloads\diploma_structure\deepfake-detection-system\data\raw\celebdf\Celeb-real\id10_0000.mp4,celebdf,Celeb-real,real
C:\Users\Dani\Downloads\diploma_structure\deepfake-detection-system\data\raw\celebdf\Celeb-real\id17_0007.mp4,celebdf,Celeb-real,real
C:\Users\Dani\Downloads\diploma_structure\deepfake-detection-system\data\raw\celebdf\Celeb-synthesis\id24_id19_0000.mp4,celebdf,Celeb-synthesis,fake
C:\Users\Dani\Downloads\diploma_structure\deepfake-detection-system\data\raw\celebdf\Celeb-real\id40_0000.mp4,celebdf,Celeb-real,real
C:\Users\Dani\Downloads\diploma_structure\deepfake-detection-system\data\raw\celebdf\Celeb-synthesis\id58_id52_0005.mp4,celebdf,Celeb-synthesis,fake
C:\Users\Dani\Downloads\diploma_structure\deepfake-detection-system\data\raw\celebdf\YouTube-real\00274.mp4,celebdf,YouTube-real,real
C:\Users\Dani\Downloads\diploma_structure\deepfake-detection-system\data\raw\celebdf\YouTube-real\00032.mp4,celebdf,YouTube-real,real
C:\Users\Dani\Downloads\diploma_structure\deepfake-detection-system\data\raw\celebdf\Celeb-synthesis\id30_id32_0001.mp4,celebdf,Celeb-synthesis,fake
C:\Users\Dani\Downloads\diploma_structure\deepfake-detection-system\data\raw\celebdf\Celeb-synthesis\id13_id10_0004.mp4,celebdf,Celeb-synthesis,fake
C:\Users\Dani\Downloads\diploma_structure\deepfake-detection-system\data\raw\celebdf\Celeb-real\id3_0007.mp4,celebdf,Celeb-real,real
C:\Users\Dani\Downloads\diploma_structure\deepfake-detection-system\data\raw\celebdf\Celeb-real\id29_0009.mp4,celebdf,Celeb-real,real
C:\Users\Dani\Downloads\diploma_structure\deepfake-detection-system\data\raw\celebdf\Celeb-synthesis\id25_id26_0005.mp4,celebdf,Celeb-synthesis,fake
C:\Users\Dani\Downloads\diploma_structure\deepfake-detection-system\data\raw\faceforensics\original_sequences\youtube\c23\videos\036.mp4,faceforensics,original,real
C:\Users\Dani\Downloads\diploma_structure\deepfake-detection-system\data\raw\dfdc\dfdctrain\real-cqxylbgxnc-1.mp4,dfdc,dfdc,real
C:\Users\Dani\Downloads\diploma_structure\deepfake-detection-system\data\raw\celebdf\Celeb-real\id49_0002.mp4,celebdf,Celeb-real,real
C:\Users\Dani\Downloads\diploma_structure\deepfake-detection-system\data\raw\dfdc\dfdctrain\real-mrkwwadnqs-0.mp4,dfdc,dfdc,real
C:\Users\Dani\Downloads\diploma_structure\deepfake-detection-system\data\raw\celebdf\Celeb-real\id59_0005.mp4,celebdf,Celeb-real,real
C:\Users\Dani\Downloads\diploma_structure\deepfake-detection-system\data\raw\celebdf\Celeb-real\id41_0003.mp4,celebdf,Celeb-real,real
C:\Users\Dani\Downloads\diploma_structure\deepfake-detection-system\data\raw\celebdf\YouTube-real\00016.mp4,celebdf,YouTube-real,real
C:\Users\Dani\Downloads\diploma_structure\deepfake-detection-system\data\raw\celebdf\Celeb-synthesis\id38_id23_0007.mp4,celebdf,Celeb-synthesis,fake
C:\Users\Dani\Downloads\diploma_structure\deepfake-detection-system\data\raw\celebdf\Celeb-synthesis\id52_id49_0002.mp4,celebdf,Celeb-synthesis,fake
C:\Users\Dani\Downloads\diploma_structure\deepfake-detection-system\data\raw\celebdf\Celeb-real\id41_0004.mp4,celebdf,Celeb-real,real
C:\Users\Dani\Downloads\diploma_structure\deepfake-detection-system\data\raw\faceforensics\manipulated_sequences\NeuralTextures\c23\videos\033_097.mp4,faceforensics,NeuralTextures,fake
C:\Users\Dani\Downloads\diploma_structure\deepfake-detection-system\data\raw\faceforensics\original_sequences\youtube\c23\videos\917.mp4,faceforensics,original,real
C:\Users\Dani\Downloads\diploma_structure\deepfake-detection-system\data\raw\celebdf\Celeb-synthesis\id16_id23_0000.mp4,celebdf,Celeb-synthesis,fake
C:\Users\Dani\Downloads\diploma_structure\deepfake-detection-system\data\raw\celebdf\Celeb-real\id40_0004.mp4,celebdf,Celeb-real,real
C:\Users\Dani\Downloads\diploma_structure\deepfake-detection-system\data\raw\celebdf\YouTube-real\00236.mp4,celebdf,YouTube-real,real
C:\Users\Dani\Downloads\diploma_structure\deepfake-detection-system\data\raw\dfdc\dfdctrain\fake-gpgtsauwaw-0.mp4,dfdc,dfdc,fake
C:\Users\Dani\Downloads\diploma_structure\deepfake-detection-system\data\raw\celebdf\Celeb-synthesis\id51_id58_0006.mp4,celebdf,Celeb-synthesis,fake
C:\Users\Dani\Downloads\diploma_structure\deepfake-detection-system\data\raw\celebdf\Celeb-real\id2_0005.mp4,celebdf,Celeb-real,real
C:\Users\Dani\Downloads\diploma_structure\deepfake-detection-system\data\raw\celebdf\Celeb-synthesis\id1_id26_0008.mp4,celebdf,Celeb-synthesis,fake
C:\Users\Dani\Downloads\diploma_structure\deepfake-detection-system\data\raw\celebdf\Celeb-real\id28_0008.mp4,celebdf,Celeb-real,real
C:\Users\Dani\Downloads\diploma_structure\deepfake-detection-system\data\raw\faceforensics\manipulated_sequences\Face2Face\c23\videos\192_134.mp4,faceforensics,Face2Face,fake
C:\Users\Dani\Downloads\diploma_structure\deepfake-detection-system\data\raw\celebdf\Celeb-real\id17_0009.mp4,celebdf,Celeb-real,real
C:\Users\Dani\Downloads\diploma_structure\deepfake-detection-system\data\raw\celebdf\Celeb-synthesis\id16_id3_0007.mp4,celebdf,Celeb-synthesis,fake
C:\Users\Dani\Downloads\diploma_structure\deepfake-detection-system\data\raw\celebdf\Celeb-synthesis\id16_id30_0006.mp4,celebdf,Celeb-synthesis,fake
C:\Users\Dani\Downloads\diploma_structure\deepfake-detection-system\data\raw\celebdf\Celeb-real\id57_0009.mp4,celebdf,Celeb-real,real
C:\Users\Dani\Downloads\diploma_structure\deepfake-detection-system\data\raw\faceforensics\original_sequences\youtube\c23\videos\866.mp4,faceforensics,original,real
C:\Users\Dani\Downloads\diploma_structure\deepfake-detection-system\data\raw\celebdf\YouTube-real\00086.mp4,celebdf,YouTube-real,real
C:\Users\Dani\Downloads\diploma_structure\deepfake-detection-system\data\raw\celebdf\Celeb-synthesis\id20_id31_0002.mp4,celebdf,Celeb-synthesis,fake
C:\Users\Dani\Downloads\diploma_structure\deepfake-detection-system\data\raw\celebdf\Celeb-synthesis\id31_id32_0007.mp4,celebdf,Celeb-synthesis,fake
C:\Users\Dani\Downloads\diploma_structure\deepfake-detection-system\data\raw\celebdf\Celeb-real\id0_0001.mp4,celebdf,Celeb-real,real
C:\Users\Dani\Downloads\diploma_structure\deepfake-detection-system\data\raw\celebdf\Celeb-synthesis\id33_id30_0006.mp4,celebdf,Celeb-synthesis,fake
C:\Users\Dani\Downloads\diploma_structure\deepfake-detection-system\data\raw\celebdf\YouTube-real\00226.mp4,celebdf,YouTube-real,real
C:\Users\Dani\Downloads\diploma_structure\deepfake-detection-system\data\raw\celebdf\Celeb-synthesis\id37_id32_0008.mp4,celebdf,Celeb-synthesis,fake
C:\Users\Dani\Downloads\diploma_structure\deepfake-detection-system\data\raw\celebdf\Celeb-real\id47_0005.mp4,celebdf,Celeb-real,real
C:\Users\Dani\Downloads\diploma_structure\deepfake-detection-system\data\raw\celebdf\Celeb-synthesis\id9_id6_0001.mp4,celebdf,Celeb-synthesis,fake
C:\Users\Dani\Downloads\diploma_structure\deepfake-detection-system\data\raw\celebdf\Celeb-real\id39_0001.mp4,celebdf,Celeb-real,real
C:\Users\Dani\Downloads\diploma_structure\deepfake-detection-system\data\raw\celebdf\Celeb-synthesis\id28_id38_0001.mp4,celebdf,Celeb-synthesis,fake
C:\Users\Dani\Downloads\diploma_structure\deepfake-detection-system\data\raw\celebdf\Celeb-synthesis\id2_id6_0009.mp4,celebdf,Celeb-synthesis,fake
C:\Users\Dani\Downloads\diploma_structure\deepfake-detection-system\data\raw\celebdf\Celeb-real\id53_0004.mp4,celebdf,Celeb-real,real
C:\Users\Dani\Downloads\diploma_structure\deepfake-detection-system\data\raw\celebdf\YouTube-real\00298.mp4,celebdf,YouTube-real,real
C:\Users\Dani\Downloads\diploma_structure\deepfake-detection-system\data\raw\faceforensics\manipulated_sequences\Face2Face\c23\videos\942_943.mp4,faceforensics,Face2Face,fake
C:\Users\Dani\Downloads\diploma_structure\deepfake-detection-system\data\raw\celebdf\YouTube-real\00089.mp4,celebdf,YouTube-real,real
C:\Users\Dani\Downloads\diploma_structure\deepfake-detection-system\data\raw\faceforensics\manipulated_sequences\NeuralTextures\c23\videos\035_036.mp4,faceforensics,NeuralTextures,fake
C:\Users\Dani\Downloads\diploma_structure\deepfake-detection-system\data\raw\celebdf\Celeb-synthesis\id33_id29_0001.mp4,celebdf,Celeb-synthesis,fake
C:\Users\Dani\Downloads\diploma_structure\deepfake-detection-system\data\raw\celebdf\Celeb-synthesis\id35_id16_0005.mp4,celebdf,Celeb-synthesis,fake
C:\Users\Dani\Downloads\diploma_structure\deepfake-detection-system\data\raw\celebdf\Celeb-synthesis\id3_id28_0001.mp4,celebdf,Celeb-synthesis,fake
C:\Users\Dani\Downloads\diploma_structure\deepfake-detection-system\data\raw\celebdf\YouTube-real\00047.mp4,celebdf,YouTube-real,real
C:\Users\Dani\Downloads\diploma_structure\deepfake-detection-system\data\raw\celebdf\Celeb-synthesis\id49_id55_0004.mp4,celebdf,Celeb-synthesis,fake
C:\Users\Dani\Downloads\diploma_structure\deepfake-detection-system\data\raw\faceforensics\manipulated_sequences\Deepfakes\c23\videos\712_716.mp4,faceforensics,Deepfakes,fake
C:\Users\Dani\Downloads\diploma_structure\deepfake-detection-system\data\raw\celebdf\Celeb-synthesis\id45_id47_0004.mp4,celebdf,Celeb-synthesis,fake
C:\Users\Dani\Downloads\diploma_structure\deepfake-detection-system\data\raw\celebdf\Celeb-synthesis\id3_id6_0004.mp4,celebdf,Celeb-synthesis,fake
C:\Users\Dani\Downloads\diploma_structure\deepfake-detection-system\data\raw\celebdf\Celeb-synthesis\id4_id30_0002.mp4,celebdf,Celeb-synthesis,fake
C:\Users\Dani\Downloads\diploma_structure\deepfake-detection-system\data\raw\celebdf\Celeb-real\id48_0002.mp4,celebdf,Celeb-real,real
C:\Users\Dani\Downloads\diploma_structure\deepfake-detection-system\data\raw\dfdc\dfdctrain\fake-dsaxwwtgtx-0.mp4,dfdc,dfdc,fake
C:\Users\Dani\Downloads\diploma_structure\deepfake-detection-system\data\raw\faceforensics\manipulated_sequences\NeuralTextures\c23\videos\992_980.mp4,faceforensics,NeuralTextures,fake
C:\Users\Dani\Downloads\diploma_structure\deepfake-detection-system\data\raw\celebdf\Celeb-synthesis\id3_id21_0001.mp4,celebdf,Celeb-synthesis,fake
C:\Users\Dani\Downloads\diploma_structure\deepfake-detection-system\data\raw\celebdf\Celeb-synthesis\id31_id35_0003.mp4,celebdf,Celeb-synthesis,fake
C:\Users\Dani\Downloads\diploma_structure\deepfake-detection-system\data\raw\faceforensics\manipulated_sequences\Face2Face\c23\videos\980_992.mp4,faceforensics,Face2Face,fake
C:\Users\Dani\Downloads\diploma_structure\deepfake-detection-system\data\raw\celebdf\YouTube-real\00063.mp4,celebdf,YouTube-real,real
C:\Users\Dani\Downloads\diploma_structure\deepfake-detection-system\data\raw\celebdf\YouTube-real\00031.mp4,celebdf,YouTube-real,real
C:\Users\Dani\Downloads\diploma_structure\deepfake-detection-system\data\raw\celebdf\Celeb-synthesis\id9_id26_0005.mp4,celebdf,Celeb-synthesis,fake
C:\Users\Dani\Downloads\diploma_structure\deepfake-detection-system\data\raw\celebdf\Celeb-real\id36_0004.mp4,celebdf,Celeb-real,real
C:\Users\Dani\Downloads\diploma_structure\deepfake-detection-system\data\raw\dfdc\dfdctrain\fake-wulbfxmthd-0.mp4,dfdc,dfdc,fake
C:\Users\Dani\Downloads\diploma_structure\deepfake-detection-system\data\raw\faceforensics\manipulated_sequences\Face2Face\c23\videos\648_654.mp4,faceforensics,Face2Face,fake
C:\Users\Dani\Downloads\diploma_structure\deepfake-detection-system\data\raw\celebdf\YouTube-real\00061.mp4,celebdf,YouTube-real,real
C:\Users\Dani\Downloads\diploma_structure\deepfake-detection-system\data\raw\celebdf\Celeb-synthesis\id29_id37_0002.mp4,celebdf,Celeb-synthesis,fake
C:\Users\Dani\Downloads\diploma_structure\deepfake-detection-system\data\raw\celebdf\Celeb-real\id21_0003.mp4,celebdf,Celeb-real,real
C:\Users\Dani\Downloads\diploma_structure\deepfake-detection-system\data\raw\celebdf\Celeb-real\id11_0005.mp4,celebdf,Celeb-real,real
C:\Users\Dani\Downloads\diploma_structure\deepfake-detection-system\data\raw\celebdf\YouTube-real\00242.mp4,celebdf,YouTube-real,real
C:\Users\Dani\Downloads\diploma_structure\deepfake-detection-system\data\raw\celebdf\Celeb-synthesis\id6_id9_0004.mp4,celebdf,Celeb-synthesis,fake
C:\Users\Dani\Downloads\diploma_structure\deepfake-detection-system\data\raw\faceforensics\manipulated_sequences\Face2Face\c23\videos\657_644.mp4,faceforensics,Face2Face,fake
C:\Users\Dani\Downloads\diploma_structure\deepfake-detection-system\data\raw\celebdf\Celeb-real\id60_0009.mp4,celebdf,Celeb-real,real
C:\Users\Dani\Downloads\diploma_structure\deepfake-detection-system\data\raw\dfdc\dfdctrain\real-firlsjvtup-1.mp4,dfdc,dfdc,real
C:\Users\Dani\Downloads\diploma_structure\deepfake-detection-system\data\raw\celebdf\Celeb-synthesis\id42_id40_0000.mp4,celebdf,Celeb-synthesis,fake
C:\Users\Dani\Downloads\diploma_structure\deepfake-detection-system\data\raw\celebdf\Celeb-real\id10_0007.mp4,celebdf,Celeb-real,real
C:\Users\Dani\Downloads\diploma_structure\deepfake-detection-system\data\raw\celebdf\Celeb-real\id23_0004.mp4,celebdf,Celeb-real,real
C:\Users\Dani\Downloads\diploma_structure\deepfake-detection-system\data\raw\celebdf\Celeb-real\id57_0000.mp4,celebdf,Celeb-real,real
C:\Users\Dani\Downloads\diploma_structure\deepfake-detection-system\data\raw\dfdc\dfdctrain\real-dxwvavgnsr-1.mp4,dfdc,dfdc,real
C:\Users\Dani\Downloads\diploma_structure\deepfake-detection-system\data\raw\celebdf\Celeb-real\id19_0008.mp4,celebdf,Celeb-real,real
C:\Users\Dani\Downloads\diploma_structure\deepfake-detection-system\data\raw\dfdc\dfdctrain\real-mkwhpzswmo-1.mp4,dfdc,dfdc,real
C:\Users\Dani\Downloads\diploma_structure\deepfake-detection-system\data\raw\celebdf\Celeb-synthesis\id16_id21_0000.mp4,celebdf,Celeb-synthesis,fake
C:\Users\Dani\Downloads\diploma_structure\deepfake-detection-system\data\raw\celebdf\Celeb-synthesis\id0_id26_0002.mp4,celebdf,Celeb-synthesis,fake
C:\Users\Dani\Downloads\diploma_structure\deepfake-detection-system\data\raw\celebdf\Celeb-synthesis\id33_id20_0001.mp4,celebdf,Celeb-synthesis,fake
C:\Users\Dani\Downloads\diploma_structure\deepfake-detection-system\data\raw\celebdf\Celeb-real\id48_0009.mp4,celebdf,Celeb-real,real
C:\Users\Dani\Downloads\diploma_structure\deepfake-detection-system\data\raw\faceforensics\manipulated_sequences\NeuralTextures\c23\videos\943_942.mp4,faceforensics,NeuralTextures,fake
C:\Users\Dani\Downloads\diploma_structure\deepfake-detection-system\data\raw\celebdf\Celeb-real\id35_0009.mp4,celebdf,Celeb-real,real
C:\Users\Dani\Downloads\diploma_structure\deepfake-detection-system\data\raw\faceforensics\manipulated_sequences\Deepfakes\c23\videos\392_339.mp4,faceforensics,Deepfakes,fake
C:\Users\Dani\Downloads\diploma_structure\deepfake-detection-system\data\raw\faceforensics\original_sequences\youtube\c23\videos\134.mp4,faceforensics,original,real
C:\Users\Dani\Downloads\diploma_structure\deepfake-detection-system\data\raw\celebdf\YouTube-real\00141.mp4,celebdf,YouTube-real,real
C:\Users\Dani\Downloads\diploma_structure\deepfake-detection-system\data\raw\faceforensics\manipulated_sequences\FaceSwap\c23\videos\272_396.mp4,faceforensics,FaceSwap,fake
C:\Users\Dani\Downloads\diploma_structure\deepfake-detection-system\data\raw\celebdf\Celeb-real\id32_0009.mp4,celebdf,Celeb-real,real
C:\Users\Dani\Downloads\diploma_structure\deepfake-detection-system\data\raw\celebdf\Celeb-synthesis\id37_id3_0000.mp4,celebdf,Celeb-synthesis,fake
C:\Users\Dani\Downloads\diploma_structure\deepfake-detection-system\data\raw\celebdf\YouTube-real\00036.mp4,celebdf,YouTube-real,real
C:\Users\Dani\Downloads\diploma_structure\deepfake-detection-system\data\raw\celebdf\Celeb-real\id43_0002.mp4,celebdf,Celeb-real,real
C:\Users\Dani\Downloads\diploma_structure\deepfake-detection-system\data\raw\celebdf\Celeb-synthesis\id59_id60_0001.mp4,celebdf,Celeb-synthesis,fake
C:\Users\Dani\Downloads\diploma_structure\deepfake-detection-system\data\raw\celebdf\Celeb-real\id35_0005.mp4,celebdf,Celeb-real,real
C:\Users\Dani\Downloads\diploma_structure\deepfake-detection-system\data\raw\celebdf\Celeb-synthesis\id16_id21_0011.mp4,celebdf,Celeb-synthesis,fake
C:\Users\Dani\Downloads\diploma_structure\deepfake-detection-system\data\raw\celebdf\YouTube-real\00021.mp4,celebdf,YouTube-real,real
C:\Users\Dani\Downloads\diploma_structure\deepfake-detection-system\data\raw\faceforensics\manipulated_sequences\Deepfakes\c23\videos\134_192.mp4,faceforensics,Deepfakes,fake
C:\Users\Dani\Downloads\diploma_structure\deepfake-detection-system\data\raw\celebdf\Celeb-synthesis\id23_id33_0003.mp4,celebdf,Celeb-synthesis,fake
C:\Users\Dani\Downloads\diploma_structure\deepfake-detection-system\data\raw\celebdf\YouTube-real\00025.mp4,celebdf,YouTube-real,real
C:\Users\Dani\Downloads\diploma_structure\deepfake-detection-system\data\raw\celebdf\Celeb-synthesis\id56_id55_0000.mp4,celebdf,Celeb-synthesis,fake
C:\Users\Dani\Downloads\diploma_structure\deepfake-detection-system\data\raw\celebdf\Celeb-real\id61_0009.mp4,celebdf,Celeb-real,real
C:\Users\Dani\Downloads\diploma_structure\deepfake-detection-system\data\raw\celebdf\Celeb-real\id19_0006.mp4,celebdf,Celeb-real,real
C:\Users\Dani\Downloads\diploma_structure\deepfake-detection-system\data\raw\celebdf\Celeb-synthesis\id53_id51_0002.mp4,celebdf,Celeb-synthesis,fake
C:\Users\Dani\Downloads\diploma_structure\deepfake-detection-system\data\raw\celebdf\Celeb-real\id25_0002.mp4,celebdf,Celeb-real,real
C:\Users\Dani\Downloads\diploma_structure\deepfake-detection-system\data\raw\faceforensics\manipulated_sequences\Face2Face\c23\videos\866_878.mp4,faceforensics,Face2Face,fake
C:\Users\Dani\Downloads\diploma_structure\deepfake-detection-system\data\raw\celebdf\Celeb-synthesis\id1_id35_0003.mp4,celebdf,Celeb-synthesis,fake
C:\Users\Dani\Downloads\diploma_structure\deepfake-detection-system\data\raw\celebdf\YouTube-real\00112.mp4,celebdf,YouTube-real,real
C:\Users\Dani\Downloads\diploma_structure\deepfake-detection-system\data\raw\celebdf\Celeb-synthesis\id21_id2_0005.mp4,celebdf,Celeb-synthesis,fake
C:\Users\Dani\Downloads\diploma_structure\deepfake-detection-system\data\raw\celebdf\Celeb-synthesis\id29_id37_0007.mp4,celebdf,Celeb-synthesis,fake
C:\Users\Dani\Downloads\diploma_structure\deepfake-detection-system\data\raw\celebdf\Celeb-synthesis\id40_id46_0001.mp4,celebdf,Celeb-synthesis,fake
C:\Users\Dani\Downloads\diploma_structure\deepfake-detection-system\data\raw\celebdf\Celeb-real\id28_0007.mp4,celebdf,Celeb-real,real
C:\Users\Dani\Downloads\diploma_structure\deepfake-detection-system\data\raw\celebdf\Celeb-synthesis\id29_id31_0004.mp4,celebdf,Celeb-synthesis,fake
C:\Users\Dani\Downloads\diploma_structure\deepfake-detection-system\data\raw\celebdf\YouTube-real\00217.mp4,celebdf,YouTube-real,real
C:\Users\Dani\Downloads\diploma_structure\deepfake-detection-system\data\raw\celebdf\Celeb-synthesis\id19_id22_0002.mp4,celebdf,Celeb-synthesis,fake
C:\Users\Dani\Downloads\diploma_structure\deepfake-detection-system\data\raw\celebdf\Celeb-synthesis\id20_id3_0005.mp4,celebdf,Celeb-synthesis,fake
C:\Users\Dani\Downloads\diploma_structure\deepfake-detection-system\data\raw\celebdf\Celeb-synthesis\id8_id2_0008.mp4,celebdf,Celeb-synthesis,fake
C:\Users\Dani\Downloads\diploma_structure\deepfake-detection-system\data\raw\faceforensics\original_sequences\youtube\c23\videos\942.mp4,faceforensics,original,real
C:\Users\Dani\Downloads\diploma_structure\deepfake-detection-system\data\raw\faceforensics\manipulated_sequences\FaceSwap\c23\videos\192_134.mp4,faceforensics,FaceSwap,fake
C:\Users\Dani\Downloads\diploma_structure\deepfake-detection-system\data\raw\celebdf\Celeb-real\id53_0009.mp4,celebdf,Celeb-real,real
C:\Users\Dani\Downloads\diploma_structure\deepfake-detection-system\data\raw\celebdf\YouTube-real\00064.mp4,celebdf,YouTube-real,real
C:\Users\Dani\Downloads\diploma_structure\deepfake-detection-system\data\raw\celebdf\Celeb-real\id11_0008.mp4,celebdf,Celeb-real,real
C:\Users\Dani\Downloads\diploma_structure\deepfake-detection-system\data\raw\celebdf\Celeb-real\id42_0004.mp4,celebdf,Celeb-real,real
C:\Users\Dani\Downloads\diploma_structure\deepfake-detection-system\data\raw\celebdf\Celeb-synthesis\id6_id21_0008.mp4,celebdf,Celeb-synthesis,fake
C:\Users\Dani\Downloads\diploma_structure\deepfake-detection-system\data\raw\celebdf\Celeb-synthesis\id6_id4_0005.mp4,celebdf,Celeb-synthesis,fake
C:\Users\Dani\Downloads\diploma_structure\deepfake-detection-system\data\raw\celebdf\Celeb-real\id50_0004.mp4,celebdf,Celeb-real,real
C:\Users\Dani\Downloads\diploma_structure\deepfake-detection-system\data\raw\celebdf\Celeb-synthesis\id38_id26_0001.mp4,celebdf,Celeb-synthesis,fake
C:\Users\Dani\Downloads\diploma_structure\deepfake-detection-system\data\raw\celebdf\YouTube-real\00149.mp4,celebdf,YouTube-real,real
C:\Users\Dani\Downloads\diploma_structure\deepfake-detection-system\data\raw\celebdf\Celeb-real\id10_0006.mp4,celebdf,Celeb-real,real
C:\Users\Dani\Downloads\diploma_structure\deepfake-detection-system\data\raw\dfdc\dfdctrain\fake-zazfbbafed-0.mp4,dfdc,dfdc,fake
C:\Users\Dani\Downloads\diploma_structure\deepfake-detection-system\data\raw\celebdf\YouTube-real\00087.mp4,celebdf,YouTube-real,real
C:\Users\Dani\Downloads\diploma_structure\deepfake-detection-system\data\raw\celebdf\Celeb-synthesis\id40_id45_0004.mp4,celebdf,Celeb-synthesis,fake
C:\Users\Dani\Downloads\diploma_structure\deepfake-detection-system\data\raw\celebdf\Celeb-real\id61_0007.mp4,celebdf,Celeb-real,real
C:\Users\Dani\Downloads\diploma_structure\deepfake-detection-system\data\raw\celebdf\Celeb-real\id52_0003.mp4,celebdf,Celeb-real,real
C:\Users\Dani\Downloads\diploma_structure\deepfake-detection-system\data\raw\celebdf\Celeb-real\id19_0009.mp4,celebdf,Celeb-real,real
C:\Users\Dani\Downloads\diploma_structure\deepfake-detection-system\data\raw\celebdf\YouTube-real\00146.mp4,celebdf,YouTube-real,real
C:\Users\Dani\Downloads\diploma_structure\deepfake-detection-system\data\raw\celebdf\Celeb-synthesis\id21_id0_0009.mp4,celebdf,Celeb-synthesis,fake
C:\Users\Dani\Downloads\diploma_structure\deepfake-detection-system\data\raw\celebdf\Celeb-real\id58_0009.mp4,celebdf,Celeb-real,real
C:\Users\Dani\Downloads\diploma_structure\deepfake-detection-system\data\raw\celebdf\Celeb-synthesis\id43_id39_0001.mp4,celebdf,Celeb-synthesis,fake
C:\Users\Dani\Downloads\diploma_structure\deepfake-detection-system\data\raw\dfdc\dfdctrain\fake-ukkasncnkh-1.mp4,dfdc,dfdc,fake
C:\Users\Dani\Downloads\diploma_structure\deepfake-detection-system\data\raw\celebdf\Celeb-synthesis\id20_id3_0007.mp4,celebdf,Celeb-synthesis,fake
C:\Users\Dani\Downloads\diploma_structure\deepfake-detection-system\data\raw\celebdf\Celeb-synthesis\id48_id45_0007.mp4,celebdf,Celeb-synthesis,fake
C:\Users\Dani\Downloads\diploma_structure\deepfake-detection-system\data\raw\celebdf\YouTube-real\00085.mp4,celebdf,YouTube-real,real
C:\Users\Dani\Downloads\diploma_structure\deepfake-detection-system\data\raw\celebdf\YouTube-real\00027.mp4,celebdf,YouTube-real,real
C:\Users\Dani\Downloads\diploma_structure\deepfake-detection-system\data\raw\dfdc\dfdctrain\real-ekzlzfmhoo-1.mp4,dfdc,dfdc,real
C:\Users\Dani\Downloads\diploma_structure\deepfake-detection-system\data\raw\celebdf\YouTube-real\00206.mp4,celebdf,YouTube-real,real
C:\Users\Dani\Downloads\diploma_structure\deepfake-detection-system\data\raw\celebdf\Celeb-synthesis\id35_id32_0009.mp4,celebdf,Celeb-synthesis,fake
C:\Users\Dani\Downloads\diploma_structure\deepfake-detection-system\data\raw\faceforensics\manipulated_sequences\Deepfakes\c23\videos\585_599.mp4,faceforensics,Deepfakes,fake
C:\Users\Dani\Downloads\diploma_structure\deepfake-detection-system\data\raw\celebdf\Celeb-synthesis\id26_id1_0002.mp4,celebdf,Celeb-synthesis,fake
C:\Users\Dani\Downloads\diploma_structure\deepfake-detection-system\data\raw\celebdf\Celeb-synthesis\id28_id3_0001.mp4,celebdf,Celeb-synthesis,fake
C:\Users\Dani\Downloads\diploma_structure\deepfake-detection-system\data\raw\celebdf\Celeb-real\id29_0008.mp4,celebdf,Celeb-real,real
C:\Users\Dani\Downloads\diploma_structure\deepfake-detection-system\data\raw\celebdf\Celeb-real\id11_0004.mp4,celebdf,Celeb-real,real
C:\Users\Dani\Downloads\diploma_structure\deepfake-detection-system\data\raw\celebdf\Celeb-synthesis\id46_id42_0000.mp4,celebdf,Celeb-synthesis,fake
C:\Users\Dani\Downloads\diploma_structure\deepfake-detection-system\data\raw\celebdf\Celeb-synthesis\id30_id33_0004.mp4,celebdf,Celeb-synthesis,fake
C:\Users\Dani\Downloads\diploma_structure\deepfake-detection-system\data\raw\celebdf\Celeb-real\id43_0006.mp4,celebdf,Celeb-real,real
C:\Users\Dani\Downloads\diploma_structure\deepfake-detection-system\data\raw\celebdf\Celeb-synthesis\id28_id22_0005.mp4,celebdf,Celeb-synthesis,fake
C:\Users\Dani\Downloads\diploma_structure\deepfake-detection-system\data\raw\faceforensics\original_sequences\youtube\c23\videos\044.mp4,faceforensics,original,real
C:\Users\Dani\Downloads\diploma_structure\deepfake-detection-system\data\raw\celebdf\Celeb-real\id1_0007.mp4,celebdf,Celeb-real,real
C:\Users\Dani\Downloads\diploma_structure\deepfake-detection-system\data\raw\celebdf\YouTube-real\00123.mp4,celebdf,YouTube-real,real
C:\Users\Dani\Downloads\diploma_structure\deepfake-detection-system\data\raw\celebdf\Celeb-synthesis\id48_id47_0008.mp4,celebdf,Celeb-synthesis,fake
C:\Users\Dani\Downloads\diploma_structure\deepfake-detection-system\data\raw\celebdf\YouTube-real\00235.mp4,celebdf,YouTube-real,real
C:\Users\Dani\Downloads\diploma_structure\deepfake-detection-system\data\raw\faceforensics\original_sequences\youtube\c23\videos\175.mp4,faceforensics,original,real
C:\Users\Dani\Downloads\diploma_structure\deepfake-detection-system\data\raw\celebdf\Celeb-synthesis\id59_id5_0006.mp4,celebdf,Celeb-synthesis,fake
C:\Users\Dani\Downloads\diploma_structure\deepfake-detection-system\data\raw\dfdc\dfdctrain\fake-dcdmzumqzk-1.mp4,dfdc,dfdc,fake
C:\Users\Dani\Downloads\diploma_structure\deepfake-detection-system\data\raw\celebdf\Celeb-real\id24_0005.mp4,celebdf,Celeb-real,real
C:\Users\Dani\Downloads\diploma_structure\deepfake-detection-system\data\raw\celebdf\YouTube-real\00138.mp4,celebdf,YouTube-real,real
C:\Users\Dani\Downloads\diploma_structure\deepfake-detection-system\data\raw\celebdf\Celeb-synthesis\id26_id3_0002.mp4,celebdf,Celeb-synthesis,fake
C:\Users\Dani\Downloads\diploma_structure\deepfake-detection-system\data\raw\celebdf\Celeb-real\id12_0005.mp4,celebdf,Celeb-real,real
C:\Users\Dani\Downloads\diploma_structure\deepfake-detection-system\data\raw\dfdc\dfdctrain\real-mrkwwadnqs-1.mp4,dfdc,dfdc,real
C:\Users\Dani\Downloads\diploma_structure\deepfake-detection-system\data\raw\celebdf\Celeb-real\id33_0001.mp4,celebdf,Celeb-real,real
C:\Users\Dani\Downloads\diploma_structure\deepfake-detection-system\data\raw\celebdf\Celeb-synthesis\id57_id52_0002.mp4,celebdf,Celeb-synthesis,fake
C:\Users\Dani\Downloads\diploma_structure\deepfake-detection-system\data\raw\celebdf\Celeb-synthesis\id0_id16_0003.mp4,celebdf,Celeb-synthesis,fake
C:\Users\Dani\Downloads\diploma_structure\deepfake-detection-system\data\raw\celebdf\Celeb-real\id30_0000.mp4,celebdf,Celeb-real,real
C:\Users\Dani\Downloads\diploma_structure\deepfake-detection-system\data\raw\celebdf\Celeb-synthesis\id19_id23_0006.mp4,celebdf,Celeb-synthesis,fake
C:\Users\Dani\Downloads\diploma_structure\deepfake-detection-system\data\raw\dfdc\dfdctrain\fake-rqgdnzrjbh-0.mp4,dfdc,dfdc,fake
C:\Users\Dani\Downloads\diploma_structure\deepfake-detection-system\data\raw\celebdf\Celeb-real\id41_0009.mp4,celebdf,Celeb-real,real
C:\Users\Dani\Downloads\diploma_structure\deepfake-detection-system\data\raw\celebdf\Celeb-synthesis\id53_id57_0008.mp4,celebdf,Celeb-synthesis,fake
C:\Users\Dani\Downloads\diploma_structure\deepfake-detection-system\data\raw\dfdc\dfdctrain\real-nxvjxvykqp-0.mp4,dfdc,dfdc,real
C:\Users\Dani\Downloads\diploma_structure\deepfake-detection-system\data\raw\celebdf\Celeb-synthesis\id29_id37_0004.mp4,celebdf,Celeb-synthesis,fake
C:\Users\Dani\Downloads\diploma_structure\deepfake-detection-system\data\raw\celebdf\Celeb-real\id34_0009.mp4,celebdf,Celeb-real,real
C:\Users\Dani\Downloads\diploma_structure\deepfake-detection-system\data\raw\dfdc\dfdctrain\fake-ymmfejsufe-0.mp4,dfdc,dfdc,fake
C:\Users\Dani\Downloads\diploma_structure\deepfake-detection-system\data\raw\celebdf\Celeb-real\id7_0007.mp4,celebdf,Celeb-real,real
C:\Users\Dani\Downloads\diploma_structure\deepfake-detection-system\data\raw\celebdf\YouTube-real\00233.mp4,celebdf,YouTube-real,real
C:\Users\Dani\Downloads\diploma_structure\deepfake-detection-system\data\raw\celebdf\Celeb-synthesis\id54_id55_0007.mp4,celebdf,Celeb-synthesis,fake
C:\Users\Dani\Downloads\diploma_structure\deepfake-detection-system\data\raw\celebdf\YouTube-real\00024.mp4,celebdf,YouTube-real,real
C:\Users\Dani\Downloads\diploma_structure\deepfake-detection-system\data\raw\celebdf\YouTube-real\00156.mp4,celebdf,YouTube-real,real
C:\Users\Dani\Downloads\diploma_structure\deepfake-detection-system\data\raw\dfdc\dfdctrain\real-klisuzrptl-1.mp4,dfdc,dfdc,real
C:\Users\Dani\Downloads\diploma_structure\deepfake-detection-system\data\raw\faceforensics\manipulated_sequences\FaceSwap\c23\videos\945_044.mp4,faceforensics,FaceSwap,fake
C:\Users\Dani\Downloads\diploma_structure\deepfake-detection-system\data\raw\celebdf\YouTube-real\00288.mp4,celebdf,YouTube-real,real
C:\Users\Dani\Downloads\diploma_structure\deepfake-detection-system\data\raw\celebdf\Celeb-synthesis\id56_id54_0009.mp4,celebdf,Celeb-synthesis,fake
C:\Users\Dani\Downloads\diploma_structure\deepfake-detection-system\data\raw\celebdf\YouTube-real\00184.mp4,celebdf,YouTube-real,real
C:\Users\Dani\Downloads\diploma_structure\deepfake-detection-system\data\raw\celebdf\YouTube-real\00033.mp4,celebdf,YouTube-real,real
C:\Users\Dani\Downloads\diploma_structure\deepfake-detection-system\data\raw\celebdf\Celeb-real\id57_0004.mp4,celebdf,Celeb-real,real
C:\Users\Dani\Downloads\diploma_structure\deepfake-detection-system\data\raw\faceforensics\manipulated_sequences\Face2Face\c23\videos\720_672.mp4,faceforensics,Face2Face,fake
C:\Users\Dani\Downloads\diploma_structure\deepfake-detection-system\data\raw\faceforensics\manipulated_sequences\Deepfakes\c23\videos\716_712.mp4,faceforensics,Deepfakes,fake
C:\Users\Dani\Downloads\diploma_structure\deepfake-detection-system\data\raw\celebdf\Celeb-synthesis\id23_id24_0004.mp4,celebdf,Celeb-synthesis,fake
C:\Users\Dani\Downloads\diploma_structure\deepfake-detection-system\data\raw\celebdf\Celeb-synthesis\id34_id38_0007.mp4,celebdf,Celeb-synthesis,fake
C:\Users\Dani\Downloads\diploma_structure\deepfake-detection-system\data\raw\celebdf\Celeb-synthesis\id26_id9_0001.mp4,celebdf,Celeb-synthesis,fake
C:\Users\Dani\Downloads\diploma_structure\deepfake-detection-system\data\raw\celebdf\Celeb-synthesis\id26_id38_0003.mp4,celebdf,Celeb-synthesis,fake
C:\Users\Dani\Downloads\diploma_structure\deepfake-detection-system\data\raw\celebdf\YouTube-real\00076.mp4,celebdf,YouTube-real,real
C:\Users\Dani\Downloads\diploma_structure\deepfake-detection-system\data\raw\celebdf\Celeb-real\id5_0008.mp4,celebdf,Celeb-real,real
C:\Users\Dani\Downloads\diploma_structure\deepfake-detection-system\data\raw\celebdf\Celeb-synthesis\id23_id9_0000.mp4,celebdf,Celeb-synthesis,fake
C:\Users\Dani\Downloads\diploma_structure\deepfake-detection-system\data\raw\celebdf\Celeb-real\id37_0004.mp4,celebdf,Celeb-real,real
C:\Users\Dani\Downloads\diploma_structure\deepfake-detection-system\data\raw\celebdf\Celeb-synthesis\id52_id55_0004.mp4,celebdf,Celeb-synthesis,fake
C:\Users\Dani\Downloads\diploma_structure\deepfake-detection-system\data\raw\celebdf\Celeb-real\id39_0008.mp4,celebdf,Celeb-real,real
C:\Users\Dani\Downloads\diploma_structure\deepfake-detection-system\data\raw\celebdf\YouTube-real\00198.mp4,celebdf,YouTube-real,real
C:\Users\Dani\Downloads\diploma_structure\deepfake-detection-system\data\raw\celebdf\Celeb-synthesis\id1_id17_0006.mp4,celebdf,Celeb-synthesis,fake
C:\Users\Dani\Downloads\diploma_structure\deepfake-detection-system\data\raw\faceforensics\manipulated_sequences\FaceSwap\c23\videos\924_917.mp4,faceforensics,FaceSwap,fake
C:\Users\Dani\Downloads\diploma_structure\deepfake-detection-system\data\raw\celebdf\Celeb-real\id10_0001.mp4,celebdf,Celeb-real,real
C:\Users\Dani\Downloads\diploma_structure\deepfake-detection-system\data\raw\faceforensics\original_sequences\youtube\c23\videos\192.mp4,faceforensics,original,real
C:\Users\Dani\Downloads\diploma_structure\deepfake-detection-system\data\raw\celebdf\Celeb-synthesis\id12_id7_0004.mp4,celebdf,Celeb-synthesis,fake
C:\Users\Dani\Downloads\diploma_structure\deepfake-detection-system\data\raw\faceforensics\manipulated_sequences\FaceSwap\c23\videos\097_033.mp4,faceforensics,FaceSwap,fake
C:\Users\Dani\Downloads\diploma_structure\deepfake-detection-system\data\raw\faceforensics\manipulated_sequences\NeuralTextures\c23\videos\339_392.mp4,faceforensics,NeuralTextures,fake
C:\Users\Dani\Downloads\diploma_structure\deepfake-detection-system\data\raw\faceforensics\manipulated_sequences\Deepfakes\c23\videos\263_284.mp4,faceforensics,Deepfakes,fake
C:\Users\Dani\Downloads\diploma_structure\deepfake-detection-system\data\raw\celebdf\Celeb-synthesis\id21_id2_0007.mp4,celebdf,Celeb-synthesis,fake
C:\Users\Dani\Downloads\diploma_structure\deepfake-detection-system\data\raw\celebdf\Celeb-real\id26_0004.mp4,celebdf,Celeb-real,real
C:\Users\Dani\Downloads\diploma_structure\deepfake-detection-system\data\raw\celebdf\Celeb-synthesis\id19_id23_0007.mp4,celebdf,Celeb-synthesis,fake
C:\Users\Dani\Downloads\diploma_structure\deepfake-detection-system\data\raw\celebdf\YouTube-real\00132.mp4,celebdf,YouTube-real,real
C:\Users\Dani\Downloads\diploma_structure\deepfake-detection-system\data\raw\celebdf\Celeb-real\id23_0000.mp4,celebdf,Celeb-real,real
C:\Users\Dani\Downloads\diploma_structure\deepfake-detection-system\data\raw\celebdf\Celeb-synthesis\id53_id57_0004.mp4,celebdf,Celeb-synthesis,fake
C:\Users\Dani\Downloads\diploma_structure\deepfake-detection-system\data\raw\celebdf\Celeb-real\id46_0000.mp4,celebdf,Celeb-real,real
C:\Users\Dani\Downloads\diploma_structure\deepfake-detection-system\data\raw\faceforensics\original_sequences\youtube\c23\videos\994.mp4,faceforensics,original,real
C:\Users\Dani\Downloads\diploma_structure\deepfake-detection-system\data\raw\dfdc\dfdctrain\fake-pduoolrqno-0.mp4,dfdc,dfdc,fake
C:\Users\Dani\Downloads\diploma_structure\deepfake-detection-system\data\raw\celebdf\YouTube-real\00272.mp4,celebdf,YouTube-real,real
C:\Users\Dani\Downloads\diploma_structure\deepfake-detection-system\data\raw\celebdf\Celeb-real\id50_0003.mp4,celebdf,Celeb-real,real
C:\Users\Dani\Downloads\diploma_structure\deepfake-detection-system\data\raw\celebdf\Celeb-real\id20_0004.mp4,celebdf,Celeb-real,real
C:\Users\Dani\Downloads\diploma_structure\deepfake-detection-system\data\raw\celebdf\Celeb-real\id2_0002.mp4,celebdf,Celeb-real,real
C:\Users\Dani\Downloads\diploma_structure\deepfake-detection-system\data\raw\dfdc\dfdctrain\real-firlsjvtup-0.mp4,dfdc,dfdc,real
C:\Users\Dani\Downloads\diploma_structure\deepfake-detection-system\data\raw\celebdf\Celeb-real\id27_0007.mp4,celebdf,Celeb-real,real
C:\Users\Dani\Downloads\diploma_structure\deepfake-detection-system\data\raw\celebdf\Celeb-real\id20_0000.mp4,celebdf,Celeb-real,real
C:\Users\Dani\Downloads\diploma_structure\deepfake-detection-system\data\raw\celebdf\Celeb-real\id29_0006.mp4,celebdf,Celeb-real,real
C:\Users\Dani\Downloads\diploma_structure\deepfake-detection-system\data\raw\celebdf\YouTube-real\00212.mp4,celebdf,YouTube-real,real
C:\Users\Dani\Downloads\diploma_structure\deepfake-detection-system\data\raw\celebdf\Celeb-real\id39_0006.mp4,celebdf,Celeb-real,real
C:\Users\Dani\Downloads\diploma_structure\deepfake-detection-system\data\raw\dfdc\dfdctrain\real-vntkhpeycf-0.mp4,dfdc,dfdc,real
C:\Users\Dani\Downloads\diploma_structure\deepfake-detection-system\data\raw\celebdf\Celeb-synthesis\id26_id9_0002.mp4,celebdf,Celeb-synthesis,fake
C:\Users\Dani\Downloads\diploma_structure\deepfake-detection-system\data\raw\dfdc\dfdctrain\fake-fgophendij-0.mp4,dfdc,dfdc,fake
C:\Users\Dani\Downloads\diploma_structure\deepfake-detection-system\data\raw\celebdf\Celeb-synthesis\id53_id58_0005.mp4,celebdf,Celeb-synthesis,fake
C:\Users\Dani\Downloads\diploma_structure\deepfake-detection-system\data\raw\celebdf\Celeb-synthesis\id56_id49_0007.mp4,celebdf,Celeb-synthesis,fake
C:\Users\Dani\Downloads\diploma_structure\deepfake-detection-system\data\raw\celebdf\Celeb-synthesis\id38_id35_0003.mp4,celebdf,Celeb-synthesis,fake
C:\Users\Dani\Downloads\diploma_structure\deepfake-detection-system\data\raw\celebdf\Celeb-real\id21_0004.mp4,celebdf,Celeb-real,real
C:\Users\Dani\Downloads\diploma_structure\deepfake-detection-system\data\raw\faceforensics\manipulated_sequences\Face2Face\c23\videos\644_657.mp4,faceforensics,Face2Face,fake
C:\Users\Dani\Downloads\diploma_structure\deepfake-detection-system\data\raw\celebdf\Celeb-real\id39_0002.mp4,celebdf,Celeb-real,real
C:\Users\Dani\Downloads\diploma_structure\deepfake-detection-system\data\raw\celebdf\Celeb-real\id35_0007.mp4,celebdf,Celeb-real,real
C:\Users\Dani\Downloads\diploma_structure\deepfake-detection-system\data\raw\celebdf\Celeb-synthesis\id28_id29_0001.mp4,celebdf,Celeb-synthesis,fake
C:\Users\Dani\Downloads\diploma_structure\deepfake-detection-system\data\raw\celebdf\Celeb-real\id48_0008.mp4,celebdf,Celeb-real,real
C:\Users\Dani\Downloads\diploma_structure\deepfake-detection-system\data\raw\celebdf\Celeb-real\id7_0006.mp4,celebdf,Celeb-real,real
C:\Users\Dani\Downloads\diploma_structure\deepfake-detection-system\data\raw\celebdf\Celeb-real\id57_0006.mp4,celebdf,Celeb-real,real
C:\Users\Dani\Downloads\diploma_structure\deepfake-detection-system\data\raw\celebdf\Celeb-synthesis\id30_id16_0005.mp4,celebdf,Celeb-synthesis,fake
C:\Users\Dani\Downloads\diploma_structure\deepfake-detection-system\data\raw\celebdf\Celeb-real\id29_0001.mp4,celebdf,Celeb-real,real
C:\Users\Dani\Downloads\diploma_structure\deepfake-detection-system\data\raw\celebdf\Celeb-synthesis\id2_id1_0008.mp4,celebdf,Celeb-synthesis,fake
C:\Users\Dani\Downloads\diploma_structure\deepfake-detection-system\data\raw\celebdf\Celeb-synthesis\id16_id0_0001.mp4,celebdf,Celeb-synthesis,fake
C:\Users\Dani\Downloads\diploma_structure\deepfake-detection-system\data\raw\faceforensics\manipulated_sequences\Deepfakes\c23\videos\811_920.mp4,faceforensics,Deepfakes,fake
C:\Users\Dani\Downloads\diploma_structure\deepfake-detection-system\data\raw\celebdf\Celeb-synthesis\id6_id17_0000.mp4,celebdf,Celeb-synthesis,fake
C:\Users\Dani\Downloads\diploma_structure\deepfake-detection-system\data\raw\celebdf\Celeb-synthesis\id20_id25_0005.mp4,celebdf,Celeb-synthesis,fake
C:\Users\Dani\Downloads\diploma_structure\deepfake-detection-system\data\raw\celebdf\Celeb-synthesis\id29_id37_0005.mp4,celebdf,Celeb-synthesis,fake
C:\Users\Dani\Downloads\diploma_structure\deepfake-detection-system\data\raw\celebdf\YouTube-real\00204.mp4,celebdf,YouTube-real,real
C:\Users\Dani\Downloads\diploma_structure\deepfake-detection-system\data\raw\celebdf\Celeb-real\id10_0009.mp4,celebdf,Celeb-real,real
C:\Users\Dani\Downloads\diploma_structure\deepfake-detection-system\data\raw\celebdf\YouTube-real\00048.mp4,celebdf,YouTube-real,real
C:\Users\Dani\Downloads\diploma_structure\deepfake-detection-system\data\raw\faceforensics\manipulated_sequences\Face2Face\c23\videos\159_175.mp4,faceforensics,Face2Face,fake
C:\Users\Dani\Downloads\diploma_structure\deepfake-detection-system\data\raw\dfdc\dfdctrain\real-aahncigwte-1.mp4,dfdc,dfdc,real
C:\Users\Dani\Downloads\diploma_structure\deepfake-detection-system\data\raw\dfdc\dfdctrain\real-deoexpsdqf-1.mp4,dfdc,dfdc,real
C:\Users\Dani\Downloads\diploma_structure\deepfake-detection-system\data\raw\celebdf\Celeb-real\id60_0003.mp4,celebdf,Celeb-real,real
C:\Users\Dani\Downloads\diploma_structure\deepfake-detection-system\data\raw\celebdf\Celeb-synthesis\id37_id6_0002.mp4,celebdf,Celeb-synthesis,fake
C:\Users\Dani\Downloads\diploma_structure\deepfake-detection-system\data\raw\faceforensics\original_sequences\youtube\c23\videos\055.mp4,faceforensics,original,real
C:\Users\Dani\Downloads\diploma_structure\deepfake-detection-system\data\raw\dfdc\dfdctrain\fake-gmtxkpliex-0.mp4,dfdc,dfdc,fake
C:\Users\Dani\Downloads\diploma_structure\deepfake-detection-system\data\raw\celebdf\Celeb-synthesis\id5_id60_0007.mp4,celebdf,Celeb-synthesis,fake
C:\Users\Dani\Downloads\diploma_structure\deepfake-detection-system\data\raw\faceforensics\original_sequences\youtube\c23\videos\654.mp4,faceforensics,original,real
C:\Users\Dani\Downloads\diploma_structure\deepfake-detection-system\data\raw\celebdf\Celeb-real\id49_0006.mp4,celebdf,Celeb-real,real
C:\Users\Dani\Downloads\diploma_structure\deepfake-detection-system\data\raw\celebdf\YouTube-real\00040.mp4,celebdf,YouTube-real,real
C:\Users\Dani\Downloads\diploma_structure\deepfake-detection-system\data\raw\celebdf\Celeb-synthesis\id51_id58_0002.mp4,celebdf,Celeb-synthesis,fake
C:\Users\Dani\Downloads\diploma_structure\deepfake-detection-system\data\raw\celebdf\Celeb-synthesis\id38_id34_0006.mp4,celebdf,Celeb-synthesis,fake
C:\Users\Dani\Downloads\diploma_structure\deepfake-detection-system\data\raw\celebdf\Celeb-synthesis\id32_id30_0002.mp4,celebdf,Celeb-synthesis,fake
C:\Users\Dani\Downloads\diploma_structure\deepfake-detection-system\data\raw\celebdf\Celeb-real\id36_0000.mp4,celebdf,Celeb-real,real
C:\Users\Dani\Downloads\diploma_structure\deepfake-detection-system\data\raw\celebdf\YouTube-real\00165.mp4,celebdf,YouTube-real,real
C:\Users\Dani\Downloads\diploma_structure\deepfake-detection-system\data\raw\celebdf\Celeb-real\id9_0006.mp4,celebdf,Celeb-real,real
C:\Users\Dani\Downloads\diploma_structure\deepfake-detection-system\data\raw\celebdf\Celeb-synthesis\id35_id34_0005.mp4,celebdf,Celeb-synthesis,fake
C:\Users\Dani\Downloads\diploma_structure\deepfake-detection-system\data\raw\celebdf\Celeb-real\id54_0008.mp4,celebdf,Celeb-real,real
C:\Users\Dani\Downloads\diploma_structure\deepfake-detection-system\data\raw\faceforensics\manipulated_sequences\Deepfakes\c23\videos\924_917.mp4,faceforensics,Deepfakes,fake
C:\Users\Dani\Downloads\diploma_structure\deepfake-detection-system\data\raw\faceforensics\original_sequences\youtube\c23\videos\599.mp4,faceforensics,original,real
C:\Users\Dani\Downloads\diploma_structure\deepfake-detection-system\data\raw\celebdf\Celeb-synthesis\id16_id0_0013.mp4,celebdf,Celeb-synthesis,fake
C:\Users\Dani\Downloads\diploma_structure\deepfake-detection-system\data\raw\celebdf\YouTube-real\00220.mp4,celebdf,YouTube-real,real
C:\Users\Dani\Downloads\diploma_structure\deepfake-detection-system\data\raw\celebdf\YouTube-real\00017.mp4,celebdf,YouTube-real,real
C:\Users\Dani\Downloads\diploma_structure\deepfake-detection-system\data\raw\celebdf\YouTube-real\00168.mp4,celebdf,YouTube-real,real
C:\Users\Dani\Downloads\diploma_structure\deepfake-detection-system\data\raw\celebdf\Celeb-real\id55_0001.mp4,celebdf,Celeb-real,real
C:\Users\Dani\Downloads\diploma_structure\deepfake-detection-system\data\raw\celebdf\Celeb-synthesis\id30_id4_0003.mp4,celebdf,Celeb-synthesis,fake
C:\Users\Dani\Downloads\diploma_structure\deepfake-detection-system\data\raw\celebdf\Celeb-real\id31_0008.mp4,celebdf,Celeb-real,real
C:\Users\Dani\Downloads\diploma_structure\deepfake-detection-system\data\raw\faceforensics\manipulated_sequences\Face2Face\c23\videos\992_980.mp4,faceforensics,Face2Face,fake
C:\Users\Dani\Downloads\diploma_structure\deepfake-detection-system\data\raw\celebdf\Celeb-real\id6_0005.mp4,celebdf,Celeb-real,real
C:\Users\Dani\Downloads\diploma_structure\deepfake-detection-system\data\raw\celebdf\Celeb-synthesis\id10_id11_0007.mp4,celebdf,Celeb-synthesis,fake
C:\Users\Dani\Downloads\diploma_structure\deepfake-detection-system\data\raw\celebdf\Celeb-real\id3_0000.mp4,celebdf,Celeb-real,real
C:\Users\Dani\Downloads\diploma_structure\deepfake-detection-system\data\raw\celebdf\Celeb-synthesis\id28_id33_0007.mp4,celebdf,Celeb-synthesis,fake
C:\Users\Dani\Downloads\diploma_structure\deepfake-detection-system\data\raw\celebdf\Celeb-real\id37_0007.mp4,celebdf,Celeb-real,real
C:\Users\Dani\Downloads\diploma_structure\deepfake-detection-system\data\raw\celebdf\YouTube-real\00199.mp4,celebdf,YouTube-real,real
C:\Users\Dani\Downloads\diploma_structure\deepfake-detection-system\data\raw\celebdf\YouTube-real\00213.mp4,celebdf,YouTube-real,real
C:\Users\Dani\Downloads\diploma_structure\deepfake-detection-system\data\raw\celebdf\YouTube-real\00144.mp4,celebdf,YouTube-real,real
C:\Users\Dani\Downloads\diploma_structure\deepfake-detection-system\data\raw\celebdf\Celeb-synthesis\id50_id53_0009.mp4,celebdf,Celeb-synthesis,fake
C:\Users\Dani\Downloads\diploma_structure\deepfake-detection-system\data\raw\celebdf\Celeb-synthesis\id26_id2_0000.mp4,celebdf,Celeb-synthesis,fake
C:\Users\Dani\Downloads\diploma_structure\deepfake-detection-system\data\raw\faceforensics\original_sequences\youtube\c23\videos\159.mp4,faceforensics,original,real
C:\Users\Dani\Downloads\diploma_structure\deepfake-detection-system\data\raw\celebdf\Celeb-real\id48_0004.mp4,celebdf,Celeb-real,real
C:\Users\Dani\Downloads\diploma_structure\deepfake-detection-system\data\raw\celebdf\YouTube-real\00186.mp4,celebdf,YouTube-real,real
C:\Users\Dani\Downloads\diploma_structure\deepfake-detection-system\data\raw\celebdf\Celeb-synthesis\id51_id49_0002.mp4,celebdf,Celeb-synthesis,fake
C:\Users\Dani\Downloads\diploma_structure\deepfake-detection-system\data\raw\celebdf\Celeb-synthesis\id35_id2_0000.mp4,celebdf,Celeb-synthesis,fake
C:\Users\Dani\Downloads\diploma_structure\deepfake-detection-system\data\raw\celebdf\YouTube-real\00098.mp4,celebdf,YouTube-real,real
C:\Users\Dani\Downloads\diploma_structure\deepfake-detection-system\data\raw\celebdf\Celeb-real\id16_0002.mp4,celebdf,Celeb-real,real
C:\Users\Dani\Downloads\diploma_structure\deepfake-detection-system\data\raw\celebdf\Celeb-synthesis\id8_id5_0008.mp4,celebdf,Celeb-synthesis,fake
C:\Users\Dani\Downloads\diploma_structure\deepfake-detection-system\data\raw\faceforensics\manipulated_sequences\NeuralTextures\c23\videos\469_481.mp4,faceforensics,NeuralTextures,fake
C:\Users\Dani\Downloads\diploma_structure\deepfake-detection-system\data\raw\celebdf\Celeb-synthesis\id41_id44_0003.mp4,celebdf,Celeb-synthesis,fake
C:\Users\Dani\Downloads\diploma_structure\deepfake-detection-system\data\raw\celebdf\Celeb-synthesis\id30_id34_0007.mp4,celebdf,Celeb-synthesis,fake
C:\Users\Dani\Downloads\diploma_structure\deepfake-detection-system\data\raw\celebdf\Celeb-synthesis\id35_id29_0006.mp4,celebdf,Celeb-synthesis,fake
C:\Users\Dani\Downloads\diploma_structure\deepfake-detection-system\data\raw\faceforensics\manipulated_sequences\Deepfakes\c23\videos\866_878.mp4,faceforensics,Deepfakes,fake
C:\Users\Dani\Downloads\diploma_structure\deepfake-detection-system\data\raw\celebdf\Celeb-synthesis\id16_id23_0003.mp4,celebdf,Celeb-synthesis,fake
C:\Users\Dani\Downloads\diploma_structure\deepfake-detection-system\data\raw\celebdf\Celeb-synthesis\id40_id43_0004.mp4,celebdf,Celeb-synthesis,fake
C:\Users\Dani\Downloads\diploma_structure\deepfake-detection-system\data\raw\celebdf\YouTube-real\00215.mp4,celebdf,YouTube-real,real
C:\Users\Dani\Downloads\diploma_structure\deepfake-detection-system\data\raw\celebdf\Celeb-real\id2_0001.mp4,celebdf,Celeb-real,real
C:\Users\Dani\Downloads\diploma_structure\deepfake-detection-system\data\raw\celebdf\Celeb-synthesis\id20_id2_0008.mp4,celebdf,Celeb-synthesis,fake
C:\Users\Dani\Downloads\diploma_structure\deepfake-detection-system\data\raw\celebdf\Celeb-real\id55_0002.mp4,celebdf,Celeb-real,real
C:\Users\Dani\Downloads\diploma_structure\deepfake-detection-system\data\raw\celebdf\Celeb-real\id6_0002.mp4,celebdf,Celeb-real,real
C:\Users\Dani\Downloads\diploma_structure\deepfake-detection-system\data\raw\celebdf\Celeb-real\id17_0003.mp4,celebdf,Celeb-real,real
C:\Users\Dani\Downloads\diploma_structure\deepfake-detection-system\data\raw\dfdc\dfdctrain\fake-xnfwyuxpmw-0.mp4,dfdc,dfdc,fake
C:\Users\Dani\Downloads\diploma_structure\deepfake-detection-system\data\raw\celebdf\Celeb-synthesis\id28_id37_0005.mp4,celebdf,Celeb-synthesis,fake
C:\Users\Dani\Downloads\diploma_structure\deepfake-detection-system\data\raw\faceforensics\manipulated_sequences\NeuralTextures\c23\videos\097_033.mp4,faceforensics,NeuralTextures,fake
C:\Users\Dani\Downloads\diploma_structure\deepfake-detection-system\data\raw\celebdf\Celeb-synthesis\id26_id9_0006.mp4,celebdf,Celeb-synthesis,fake
C:\Users\Dani\Downloads\diploma_structure\deepfake-detection-system\data\raw\celebdf\Celeb-synthesis\id23_id31_0007.mp4,celebdf,Celeb-synthesis,fake
C:\Users\Dani\Downloads\diploma_structure\deepfake-detection-system\data\raw\celebdf\Celeb-synthesis\id40_id39_0000.mp4,celebdf,Celeb-synthesis,fake
C:\Users\Dani\Downloads\diploma_structure\deepfake-detection-system\data\raw\faceforensics\manipulated_sequences\NeuralTextures\c23\videos\585_599.mp4,faceforensics,NeuralTextures,fake
C:\Users\Dani\Downloads\diploma_structure\deepfake-detection-system\data\raw\celebdf\Celeb-real\id59_0000.mp4,celebdf,Celeb-real,real
C:\Users\Dani\Downloads\diploma_structure\deepfake-detection-system\data\raw\celebdf\Celeb-synthesis\id2_id3_0000.mp4,celebdf,Celeb-synthesis,fake
C:\Users\Dani\Downloads\diploma_structure\deepfake-detection-system\data\raw\celebdf\Celeb-synthesis\id4_id1_0005.mp4,celebdf,Celeb-synthesis,fake
C:\Users\Dani\Downloads\diploma_structure\deepfake-detection-system\data\raw\celebdf\Celeb-synthesis\id52_id56_0004.mp4,celebdf,Celeb-synthesis,fake
C:\Users\Dani\Downloads\diploma_structure\deepfake-detection-system\data\raw\faceforensics\manipulated_sequences\Deepfakes\c23\videos\980_992.mp4,faceforensics,Deepfakes,fake
C:\Users\Dani\Downloads\diploma_structure\deepfake-detection-system\data\raw\celebdf\YouTube-real\00251.mp4,celebdf,YouTube-real,real
C:\Users\Dani\Downloads\diploma_structure\deepfake-detection-system\data\raw\celebdf\YouTube-real\00093.mp4,celebdf,YouTube-real,real
C:\Users\Dani\Downloads\diploma_structure\deepfake-detection-system\data\raw\celebdf\Celeb-real\id61_0002.mp4,celebdf,Celeb-real,real
C:\Users\Dani\Downloads\diploma_structure\deepfake-detection-system\data\raw\celebdf\Celeb-real\id52_0001.mp4,celebdf,Celeb-real,real
C:\Users\Dani\Downloads\diploma_structure\deepfake-detection-system\data\raw\celebdf\Celeb-synthesis\id27_id24_0007.mp4,celebdf,Celeb-synthesis,fake
C:\Users\Dani\Downloads\diploma_structure\deepfake-detection-system\data\raw\celebdf\Celeb-real\id33_0007.mp4,celebdf,Celeb-real,real
C:\Users\Dani\Downloads\diploma_structure\deepfake-detection-system\data\raw\celebdf\Celeb-real\id11_0003.mp4,celebdf,Celeb-real,real
C:\Users\Dani\Downloads\diploma_structure\deepfake-detection-system\data\raw\celebdf\Celeb-real\id53_0006.mp4,celebdf,Celeb-real,real
C:\Users\Dani\Downloads\diploma_structure\deepfake-detection-system\data\raw\celebdf\Celeb-real\id13_0004.mp4,celebdf,Celeb-real,real
C:\Users\Dani\Downloads\diploma_structure\deepfake-detection-system\data\raw\dfdc\dfdctrain\fake-wjpxqnomab-1.mp4,dfdc,dfdc,fake
C:\Users\Dani\Downloads\diploma_structure\deepfake-detection-system\data\raw\celebdf\Celeb-synthesis\id20_id25_0002.mp4,celebdf,Celeb-synthesis,fake
C:\Users\Dani\Downloads\diploma_structure\deepfake-detection-system\data\raw\celebdf\Celeb-real\id38_0002.mp4,celebdf,Celeb-real,real
C:\Users\Dani\Downloads\diploma_structure\deepfake-detection-system\data\raw\celebdf\Celeb-synthesis\id47_id45_0008.mp4,celebdf,Celeb-synthesis,fake
C:\Users\Dani\Downloads\diploma_structure\deepfake-detection-system\data\raw\celebdf\Celeb-synthesis\id2_id30_0002.mp4,celebdf,Celeb-synthesis,fake
C:\Users\Dani\Downloads\diploma_structure\deepfake-detection-system\data\raw\celebdf\Celeb-synthesis\id29_id35_0003.mp4,celebdf,Celeb-synthesis,fake
C:\Users\Dani\Downloads\diploma_structure\deepfake-detection-system\data\raw\celebdf\Celeb-real\id20_0001.mp4,celebdf,Celeb-real,real
C:\Users\Dani\Downloads\diploma_structure\deepfake-detection-system\data\raw\celebdf\Celeb-real\id46_0006.mp4,celebdf,Celeb-real,real
C:\Users\Dani\Downloads\diploma_structure\deepfake-detection-system\data\raw\celebdf\YouTube-real\00230.mp4,celebdf,YouTube-real,real
C:\Users\Dani\Downloads\diploma_structure\deepfake-detection-system\data\raw\faceforensics\manipulated_sequences\Deepfakes\c23\videos\994_986.mp4,faceforensics,Deepfakes,fake
C:\Users\Dani\Downloads\diploma_structure\deepfake-detection-system\data\raw\celebdf\Celeb-synthesis\id23_id4_0003.mp4,celebdf,Celeb-synthesis,fake
C:\Users\Dani\Downloads\diploma_structure\deepfake-detection-system\data\raw\celebdf\Celeb-synthesis\id53_id50_0004.mp4,celebdf,Celeb-synthesis,fake
C:\Users\Dani\Downloads\diploma_structure\deepfake-detection-system\data\raw\faceforensics\manipulated_sequences\Face2Face\c23\videos\033_097.mp4,faceforensics,Face2Face,fake
C:\Users\Dani\Downloads\diploma_structure\deepfake-detection-system\data\raw\faceforensics\original_sequences\youtube\c23\videos\992.mp4,faceforensics,original,real
C:\Users\Dani\Downloads\diploma_structure\deepfake-detection-system\data\raw\celebdf\Celeb-synthesis\id58_id56_0006.mp4,celebdf,Celeb-synthesis,fake
C:\Users\Dani\Downloads\diploma_structure\deepfake-detection-system\data\raw\celebdf\Celeb-real\id7_0002.mp4,celebdf,Celeb-real,real
C:\Users\Dani\Downloads\diploma_structure\deepfake-detection-system\data\raw\celebdf\YouTube-real\00081.mp4,celebdf,YouTube-real,real
C:\Users\Dani\Downloads\diploma_structure\deepfake-detection-system\data\raw\celebdf\Celeb-real\id4_0007.mp4,celebdf,Celeb-real,real
C:\Users\Dani\Downloads\diploma_structure\deepfake-detection-system\data\raw\celebdf\YouTube-real\00120.mp4,celebdf,YouTube-real,real
C:\Users\Dani\Downloads\diploma_structure\deepfake-detection-system\data\raw\faceforensics\manipulated_sequences\Face2Face\c23\videos\920_811.mp4,faceforensics,Face2Face,fake
C:\Users\Dani\Downloads\diploma_structure\deepfake-detection-system\data\raw\celebdf\Celeb-real\id1_0002.mp4,celebdf,Celeb-real,real
C:\Users\Dani\Downloads\diploma_structure\deepfake-detection-system\data\raw\celebdf\YouTube-real\00167.mp4,celebdf,YouTube-real,real
C:\Users\Dani\Downloads\diploma_structure\deepfake-detection-system\data\raw\celebdf\Celeb-synthesis\id3_id16_0005.mp4,celebdf,Celeb-synthesis,fake
C:\Users\Dani\Downloads\diploma_structure\deepfake-detection-system\data\raw\faceforensics\original_sequences\youtube\c23\videos\033.mp4,faceforensics,original,real
C:\Users\Dani\Downloads\diploma_structure\deepfake-detection-system\data\raw\faceforensics\manipulated_sequences\NeuralTextures\c23\videos\284_263.mp4,faceforensics,NeuralTextures,fake
C:\Users\Dani\Downloads\diploma_structure\deepfake-detection-system\data\raw\dfdc\dfdctrain\fake-jetugcmdfk-0.mp4,dfdc,dfdc,fake
C:\Users\Dani\Downloads\diploma_structure\deepfake-detection-system\data\raw\celebdf\Celeb-synthesis\id31_id23_0005.mp4,celebdf,Celeb-synthesis,fake
C:\Users\Dani\Downloads\diploma_structure\deepfake-detection-system\data\raw\faceforensics\manipulated_sequences\Face2Face\c23\videos\272_396.mp4,faceforensics,Face2Face,fake
C:\Users\Dani\Downloads\diploma_structure\deepfake-detection-system\data\raw\celebdf\Celeb-real\id6_0009.mp4,celebdf,Celeb-real,real
C:\Users\Dani\Downloads\diploma_structure\deepfake-detection-system\data\raw\celebdf\Celeb-synthesis\id17_id37_0009.mp4,celebdf,Celeb-synthesis,fake
C:\Users\Dani\Downloads\diploma_structure\deepfake-detection-system\data\raw\dfdc\dfdctrain\fake-wmxmrtcydt-1.mp4,dfdc,dfdc,fake
C:\Users\Dani\Downloads\diploma_structure\deepfake-detection-system\data\raw\celebdf\Celeb-synthesis\id31_id3_0003.mp4,celebdf,Celeb-synthesis,fake
C:\Users\Dani\Downloads\diploma_structure\deepfake-detection-system\data\raw\celebdf\Celeb-synthesis\id53_id57_0000.mp4,celebdf,Celeb-synthesis,fake
C:\Users\Dani\Downloads\diploma_structure\deepfake-detection-system\data\raw\celebdf\Celeb-synthesis\id21_id38_0001.mp4,celebdf,Celeb-synthesis,fake
C:\Users\Dani\Downloads\diploma_structure\deepfake-detection-system\data\raw\celebdf\Celeb-synthesis\id4_id37_0002.mp4,celebdf,Celeb-synthesis,fake
C:\Users\Dani\Downloads\diploma_structure\deepfake-detection-system\data\raw\faceforensics\manipulated_sequences\FaceSwap\c23\videos\980_992.mp4,faceforensics,FaceSwap,fake
C:\Users\Dani\Downloads\diploma_structure\deepfake-detection-system\data\raw\celebdf\Celeb-synthesis\id20_id0_0002.mp4,celebdf,Celeb-synthesis,fake
C:\Users\Dani\Downloads\diploma_structure\deepfake-detection-system\data\raw\celebdf\Celeb-synthesis\id20_id0_0001.mp4,celebdf,Celeb-synthesis,fake
C:\Users\Dani\Downloads\diploma_structure\deepfake-detection-system\data\raw\celebdf\Celeb-real\id8_0008.mp4,celebdf,Celeb-real,real
C:\Users\Dani\Downloads\diploma_structure\deepfake-detection-system\data\raw\celebdf\Celeb-real\id56_0006.mp4,celebdf,Celeb-real,real
C:\Users\Dani\Downloads\diploma_structure\deepfake-detection-system\data\raw\celebdf\YouTube-real\00010.mp4,celebdf,YouTube-real,real
C:\Users\Dani\Downloads\diploma_structure\deepfake-detection-system\data\raw\faceforensics\manipulated_sequences\FaceSwap\c23\videos\830_828.mp4,faceforensics,FaceSwap,fake
C:\Users\Dani\Downloads\diploma_structure\deepfake-detection-system\data\raw\celebdf\Celeb-real\id40_0007.mp4,celebdf,Celeb-real,real
C:\Users\Dani\Downloads\diploma_structure\deepfake-detection-system\data\raw\celebdf\Celeb-real\id43_0003.mp4,celebdf,Celeb-real,real
C:\Users\Dani\Downloads\diploma_structure\deepfake-detection-system\data\raw\dfdc\dfdctrain\fake-drmtykanjz-0.mp4,dfdc,dfdc,fake
C:\Users\Dani\Downloads\diploma_structure\deepfake-detection-system\data\raw\celebdf\YouTube-real\00255.mp4,celebdf,YouTube-real,real
C:\Users\Dani\Downloads\diploma_structure\deepfake-detection-system\data\raw\faceforensics\manipulated_sequences\NeuralTextures\c23\videos\044_945.mp4,faceforensics,NeuralTextures,fake
C:\Users\Dani\Downloads\diploma_structure\deepfake-detection-system\data\raw\celebdf\Celeb-synthesis\id21_id29_0002.mp4,celebdf,Celeb-synthesis,fake
C:\Users\Dani\Downloads\diploma_structure\deepfake-detection-system\data\raw\celebdf\Celeb-real\id13_0010.mp4,celebdf,Celeb-real,real
C:\Users\Dani\Downloads\diploma_structure\deepfake-detection-system\data\raw\celebdf\Celeb-synthesis\id52_id57_0001.mp4,celebdf,Celeb-synthesis,fake
C:\Users\Dani\Downloads\diploma_structure\deepfake-detection-system\data\raw\faceforensics\original_sequences\youtube\c23\videos\986.mp4,faceforensics,original,real
C:\Users\Dani\Downloads\diploma_structure\deepfake-detection-system\data\raw\celebdf\Celeb-synthesis\id39_id44_0009.mp4,celebdf,Celeb-synthesis,fake
C:\Users\Dani\Downloads\diploma_structure\deepfake-detection-system\data\raw\celebdf\Celeb-synthesis\id21_id37_0006.mp4,celebdf,Celeb-synthesis,fake
C:\Users\Dani\Downloads\diploma_structure\deepfake-detection-system\data\raw\celebdf\Celeb-synthesis\id60_id5_0009.mp4,celebdf,Celeb-synthesis,fake
C:\Users\Dani\Downloads\diploma_structure\deepfake-detection-system\data\raw\celebdf\Celeb-real\id23_0003.mp4,celebdf,Celeb-real,real
C:\Users\Dani\Downloads\diploma_structure\deepfake-detection-system\data\raw\faceforensics\original_sequences\youtube\c23\videos\878.mp4,faceforensics,original,real
C:\Users\Dani\Downloads\diploma_structure\deepfake-detection-system\data\raw\celebdf\Celeb-synthesis\id37_id30_0000.mp4,celebdf,Celeb-synthesis,fake
C:\Users\Dani\Downloads\diploma_structure\deepfake-detection-system\data\raw\celebdf\YouTube-real\00228.mp4,celebdf,YouTube-real,real
C:\Users\Dani\Downloads\diploma_structure\deepfake-detection-system\data\raw\celebdf\Celeb-real\id5_0009.mp4,celebdf,Celeb-real,real
C:\Users\Dani\Downloads\diploma_structure\deepfake-detection-system\data\raw\dfdc\dfdctrain\real-kgckxrwwut-0.mp4,dfdc,dfdc,real
C:\Users\Dani\Downloads\diploma_structure\deepfake-detection-system\data\raw\dfdc\dfdctrain\real-kgckxrwwut-1.mp4,dfdc,dfdc,real
C:\Users\Dani\Downloads\diploma_structure\deepfake-detection-system\data\raw\faceforensics\manipulated_sequences\Deepfakes\c23\videos\917_924.mp4,faceforensics,Deepfakes,fake
C:\Users\Dani\Downloads\diploma_structure\deepfake-detection-system\data\raw\celebdf\Celeb-real\id55_0007.mp4,celebdf,Celeb-real,real
C:\Users\Dani\Downloads\diploma_structure\deepfake-detection-system\data\raw\celebdf\Celeb-synthesis\id26_id25_0002.mp4,celebdf,Celeb-synthesis,fake
C:\Users\Dani\Downloads\diploma_structure\deepfake-detection-system\data\raw\celebdf\Celeb-synthesis\id17_id35_0006.mp4,celebdf,Celeb-synthesis,fake
C:\Users\Dani\Downloads\diploma_structure\deepfake-detection-system\data\raw\celebdf\Celeb-real\id8_0005.mp4,celebdf,Celeb-real,real
C:\Users\Dani\Downloads\diploma_structure\deepfake-detection-system\data\raw\faceforensics\manipulated_sequences\FaceSwap\c23\videos\986_994.mp4,faceforensics,FaceSwap,fake
C:\Users\Dani\Downloads\diploma_structure\deepfake-detection-system\data\raw\celebdf\YouTube-real\00227.mp4,celebdf,YouTube-real,real
C:\Users\Dani\Downloads\diploma_structure\deepfake-detection-system\data\raw\celebdf\Celeb-real\id25_0003.mp4,celebdf,Celeb-real,real
C:\Users\Dani\Downloads\diploma_structure\deepfake-detection-system\data\raw\celebdf\Celeb-synthesis\id22_id26_0001.mp4,celebdf,Celeb-synthesis,fake
C:\Users\Dani\Downloads\diploma_structure\deepfake-detection-system\data\raw\celebdf\Celeb-real\id13_0011.mp4,celebdf,Celeb-real,real
C:\Users\Dani\Downloads\diploma_structure\deepfake-detection-system\data\raw\celebdf\Celeb-synthesis\id25_id23_0010.mp4,celebdf,Celeb-synthesis,fake
C:\Users\Dani\Downloads\diploma_structure\deepfake-detection-system\data\raw\celebdf\Celeb-synthesis\id4_id2_0008.mp4,celebdf,Celeb-synthesis,fake
C:\Users\Dani\Downloads\diploma_structure\deepfake-detection-system\data\raw\celebdf\Celeb-synthesis\id16_id6_0010.mp4,celebdf,Celeb-synthesis,fake
C:\Users\Dani\Downloads\diploma_structure\deepfake-detection-system\data\raw\celebdf\Celeb-synthesis\id43_id48_0005.mp4,celebdf,Celeb-synthesis,fake
C:\Users\Dani\Downloads\diploma_structure\deepfake-detection-system\data\raw\celebdf\Celeb-synthesis\id1_id21_0007.mp4,celebdf,Celeb-synthesis,fake
C:\Users\Dani\Downloads\diploma_structure\deepfake-detection-system\data\raw\celebdf\Celeb-real\id46_0003.mp4,celebdf,Celeb-real,real
C:\Users\Dani\Downloads\diploma_structure\deepfake-detection-system\data\raw\celebdf\Celeb-synthesis\id37_id34_0005.mp4,celebdf,Celeb-synthesis,fake
C:\Users\Dani\Downloads\diploma_structure\deepfake-detection-system\data\raw\celebdf\Celeb-synthesis\id31_id28_0007.mp4,celebdf,Celeb-synthesis,fake
C:\Users\Dani\Downloads\diploma_structure\deepfake-detection-system\data\raw\celebdf\Celeb-real\id39_0004.mp4,celebdf,Celeb-real,real
C:\Users\Dani\Downloads\diploma_structure\deepfake-detection-system\data\raw\faceforensics\manipulated_sequences\Deepfakes\c23\videos\241_210.mp4,faceforensics,Deepfakes,fake
C:\Users\Dani\Downloads\diploma_structure\deepfake-detection-system\data\raw\celebdf\Celeb-synthesis\id53_id58_0003.mp4,celebdf,Celeb-synthesis,fake
C:\Users\Dani\Downloads\diploma_structure\deepfake-detection-system\data\raw\celebdf\Celeb-synthesis\id9_id26_0007.mp4,celebdf,Celeb-synthesis,fake
C:\Users\Dani\Downloads\diploma_structure\deepfake-detection-system\data\raw\celebdf\Celeb-real\id34_0001.mp4,celebdf,Celeb-real,real
C:\Users\Dani\Downloads\diploma_structure\deepfake-detection-system\data\raw\faceforensics\manipulated_sequences\Face2Face\c23\videos\055_147.mp4,faceforensics,Face2Face,fake
C:\Users\Dani\Downloads\diploma_structure\deepfake-detection-system\data\raw\celebdf\Celeb-synthesis\id1_id9_0005.mp4,celebdf,Celeb-synthesis,fake
C:\Users\Dani\Downloads\diploma_structure\deepfake-detection-system\data\raw\faceforensics\manipulated_sequences\Face2Face\c23\videos\396_272.mp4,faceforensics,Face2Face,fake
C:\Users\Dani\Downloads\diploma_structure\deepfake-detection-system\data\raw\faceforensics\original_sequences\youtube\c23\videos\481.mp4,faceforensics,original,real
C:\Users\Dani\Downloads\diploma_structure\deepfake-detection-system\data\raw\celebdf\YouTube-real\00057.mp4,celebdf,YouTube-real,real
C:\Users\Dani\Downloads\diploma_structure\deepfake-detection-system\data\raw\celebdf\Celeb-real\id28_0001.mp4,celebdf,Celeb-real,real
C:\Users\Dani\Downloads\diploma_structure\deepfake-detection-system\data\raw\celebdf\Celeb-synthesis\id27_id22_0001.mp4,celebdf,Celeb-synthesis,fake
C:\Users\Dani\Downloads\diploma_structure\deepfake-detection-system\data\raw\celebdf\Celeb-real\id51_0002.mp4,celebdf,Celeb-real,real
C:\Users\Dani\Downloads\diploma_structure\deepfake-detection-system\data\raw\celebdf\Celeb-real\id1_0001.mp4,celebdf,Celeb-real,real
C:\Users\Dani\Downloads\diploma_structure\deepfake-detection-system\data\raw\faceforensics\manipulated_sequences\Deepfakes\c23\videos\830_828.mp4,faceforensics,Deepfakes,fake
C:\Users\Dani\Downloads\diploma_structure\deepfake-detection-system\data\raw\celebdf\Celeb-synthesis\id16_id1_0002.mp4,celebdf,Celeb-synthesis,fake
C:\Users\Dani\Downloads\diploma_structure\deepfake-detection-system\data\raw\faceforensics\manipulated_sequences\FaceSwap\c23\videos\716_712.mp4,faceforensics,FaceSwap,fake
C:\Users\Dani\Downloads\diploma_structure\deepfake-detection-system\data\raw\dfdc\dfdctrain\fake-mhovvnvttx-0.mp4,dfdc,dfdc,fake
C:\Users\Dani\Downloads\diploma_structure\deepfake-detection-system\data\raw\celebdf\Celeb-real\id29_0005.mp4,celebdf,Celeb-real,real
C:\Users\Dani\Downloads\diploma_structure\deepfake-detection-system\data\raw\celebdf\Celeb-synthesis\id31_id1_0007.mp4,celebdf,Celeb-synthesis,fake
C:\Users\Dani\Downloads\diploma_structure\deepfake-detection-system\data\raw\celebdf\Celeb-synthesis\id6_id23_0006.mp4,celebdf,Celeb-synthesis,fake
C:\Users\Dani\Downloads\diploma_structure\deepfake-detection-system\data\raw\celebdf\Celeb-real\id17_0000.mp4,celebdf,Celeb-real,real
C:\Users\Dani\Downloads\diploma_structure\deepfake-detection-system\data\raw\celebdf\Celeb-synthesis\id37_id35_0005.mp4,celebdf,Celeb-synthesis,fake
C:\Users\Dani\Downloads\diploma_structure\deepfake-detection-system\data\raw\celebdf\Celeb-real\id51_0003.mp4,celebdf,Celeb-real,real
C:\Users\Dani\Downloads\diploma_structure\deepfake-detection-system\data\raw\celebdf\Celeb-synthesis\id6_id4_0008.mp4,celebdf,Celeb-synthesis,fake
C:\Users\Dani\Downloads\diploma_structure\deepfake-detection-system\data\raw\celebdf\YouTube-real\00102.mp4,celebdf,YouTube-real,real
C:\Users\Dani\Downloads\diploma_structure\deepfake-detection-system\data\raw\celebdf\Celeb-real\id23_0009.mp4,celebdf,Celeb-real,real
C:\Users\Dani\Downloads\diploma_structure\deepfake-detection-system\data\raw\celebdf\Celeb-synthesis\id35_id4_0009.mp4,celebdf,Celeb-synthesis,fake
C:\Users\Dani\Downloads\diploma_structure\deepfake-detection-system\data\raw\celebdf\Celeb-synthesis\id30_id4_0009.mp4,celebdf,Celeb-synthesis,fake
C:\Users\Dani\Downloads\diploma_structure\deepfake-detection-system\data\raw\celebdf\Celeb-real\id27_0002.mp4,celebdf,Celeb-real,real
C:\Users\Dani\Downloads\diploma_structure\deepfake-detection-system\data\raw\celebdf\Celeb-synthesis\id7_id12_0000.mp4,celebdf,Celeb-synthesis,fake
C:\Users\Dani\Downloads\diploma_structure\deepfake-detection-system\data\raw\celebdf\Celeb-real\id54_0007.mp4,celebdf,Celeb-real,real
C:\Users\Dani\Downloads\diploma_structure\deepfake-detection-system\data\raw\faceforensics\manipulated_sequences\Deepfakes\c23\videos\033_097.mp4,faceforensics,Deepfakes,fake
C:\Users\Dani\Downloads\diploma_structure\deepfake-detection-system\data\raw\celebdf\Celeb-synthesis\id2_id28_0007.mp4,celebdf,Celeb-synthesis,fake
C:\Users\Dani\Downloads\diploma_structure\deepfake-detection-system\data\raw\celebdf\Celeb-synthesis\id21_id6_0009.mp4,celebdf,Celeb-synthesis,fake
C:\Users\Dani\Downloads\diploma_structure\deepfake-detection-system\data\raw\celebdf\Celeb-real\id11_0000.mp4,celebdf,Celeb-real,real
C:\Users\Dani\Downloads\diploma_structure\deepfake-detection-system\data\raw\celebdf\Celeb-synthesis\id4_id6_0008.mp4,celebdf,Celeb-synthesis,fake
C:\Users\Dani\Downloads\diploma_structure\deepfake-detection-system\data\raw\celebdf\Celeb-real\id9_0005.mp4,celebdf,Celeb-real,real
C:\Users\Dani\Downloads\diploma_structure\deepfake-detection-system\data\raw\celebdf\Celeb-real\id25_0008.mp4,celebdf,Celeb-real,real
C:\Users\Dani\Downloads\diploma_structure\deepfake-detection-system\data\raw\celebdf\Celeb-real\id23_0006.mp4,celebdf,Celeb-real,real
C:\Users\Dani\Downloads\diploma_structure\deepfake-detection-system\data\raw\faceforensics\manipulated_sequences\Deepfakes\c23\videos\481_469.mp4,faceforensics,Deepfakes,fake
C:\Users\Dani\Downloads\diploma_structure\deepfake-detection-system\data\raw\celebdf\Celeb-synthesis\id55_id51_0000.mp4,celebdf,Celeb-synthesis,fake
C:\Users\Dani\Downloads\diploma_structure\deepfake-detection-system\data\raw\celebdf\YouTube-real\00261.mp4,celebdf,YouTube-real,real
C:\Users\Dani\Downloads\diploma_structure\deepfake-detection-system\data\raw\celebdf\Celeb-real\id32_0002.mp4,celebdf,Celeb-real,real
C:\Users\Dani\Downloads\diploma_structure\deepfake-detection-system\data\raw\faceforensics\manipulated_sequences\NeuralTextures\c23\videos\272_396.mp4,faceforensics,NeuralTextures,fake
C:\Users\Dani\Downloads\diploma_structure\deepfake-detection-system\data\raw\celebdf\Celeb-real\id23_0007.mp4,celebdf,Celeb-real,real
C:\Users\Dani\Downloads\diploma_structure\deepfake-detection-system\data\raw\dfdc\dfdctrain\fake-tfwwujmztf-1.mp4,dfdc,dfdc,fake
C:\Users\Dani\Downloads\diploma_structure\deepfake-detection-system\data\raw\celebdf\Celeb-synthesis\id30_id26_0001.mp4,celebdf,Celeb-synthesis,fake
C:\Users\Dani\Downloads\diploma_structure\deepfake-detection-system\data\raw\celebdf\Celeb-real\id46_0004.mp4,celebdf,Celeb-real,real
C:\Users\Dani\Downloads\diploma_structure\deepfake-detection-system\data\raw\celebdf\Celeb-real\id61_0006.mp4,celebdf,Celeb-real,real
C:\Users\Dani\Downloads\diploma_structure\deepfake-detection-system\data\raw\faceforensics\manipulated_sequences\Deepfakes\c23\videos\672_720.mp4,faceforensics,Deepfakes,fake
C:\Users\Dani\Downloads\diploma_structure\deepfake-detection-system\data\raw\celebdf\YouTube-real\00216.mp4,celebdf,YouTube-real,real
C:\Users\Dani\Downloads\diploma_structure\deepfake-detection-system\data\raw\celebdf\Celeb-real\id56_0007.mp4,celebdf,Celeb-real,real
C:\Users\Dani\Downloads\diploma_structure\deepfake-detection-system\data\raw\celebdf\Celeb-synthesis\id42_id45_0000.mp4,celebdf,Celeb-synthesis,fake
C:\Users\Dani\Downloads\diploma_structure\deepfake-detection-system\data\raw\celebdf\Celeb-real\id58_0004.mp4,celebdf,Celeb-real,real
C:\Users\Dani\Downloads\diploma_structure\deepfake-detection-system\data\raw\celebdf\Celeb-synthesis\id6_id2_0005.mp4,celebdf,Celeb-synthesis,fake
C:\Users\Dani\Downloads\diploma_structure\deepfake-detection-system\data\raw\dfdc\dfdctrain\fake-yihriwiouk-0.mp4,dfdc,dfdc,fake
C:\Users\Dani\Downloads\diploma_structure\deepfake-detection-system\data\raw\celebdf\Celeb-real\id17_0002.mp4,celebdf,Celeb-real,real
C:\Users\Dani\Downloads\diploma_structure\deepfake-detection-system\data\raw\celebdf\Celeb-synthesis\id47_id42_0001.mp4,celebdf,Celeb-synthesis,fake
C:\Users\Dani\Downloads\diploma_structure\deepfake-detection-system\data\raw\celebdf\YouTube-real\00152.mp4,celebdf,YouTube-real,real
C:\Users\Dani\Downloads\diploma_structure\deepfake-detection-system\data\raw\celebdf\Celeb-synthesis\id61_id59_0009.mp4,celebdf,Celeb-synthesis,fake
C:\Users\Dani\Downloads\diploma_structure\deepfake-detection-system\data\raw\celebdf\Celeb-real\id61_0004.mp4,celebdf,Celeb-real,real
C:\Users\Dani\Downloads\diploma_structure\deepfake-detection-system\data\raw\celebdf\YouTube-real\00042.mp4,celebdf,YouTube-real,real
C:\Users\Dani\Downloads\diploma_structure\deepfake-detection-system\data\raw\celebdf\Celeb-synthesis\id32_id29_0000.mp4,celebdf,Celeb-synthesis,fake
C:\Users\Dani\Downloads\diploma_structure\deepfake-detection-system\data\raw\celebdf\YouTube-real\00121.mp4,celebdf,YouTube-real,real
C:\Users\Dani\Downloads\diploma_structure\deepfake-detection-system\data\raw\celebdf\Celeb-synthesis\id25_id23_0008.mp4,celebdf,Celeb-synthesis,fake
C:\Users\Dani\Downloads\diploma_structure\deepfake-detection-system\data\raw\faceforensics\manipulated_sequences\NeuralTextures\c23\videos\210_241.mp4,faceforensics,NeuralTextures,fake
C:\Users\Dani\Downloads\diploma_structure\deepfake-detection-system\data\raw\faceforensics\manipulated_sequences\NeuralTextures\c23\videos\878_866.mp4,faceforensics,NeuralTextures,fake
C:\Users\Dani\Downloads\diploma_structure\deepfake-detection-system\data\raw\celebdf\Celeb-synthesis\id38_id33_0007.mp4,celebdf,Celeb-synthesis,fake
C:\Users\Dani\Downloads\diploma_structure\deepfake-detection-system\data\raw\faceforensics\manipulated_sequences\NeuralTextures\c23\videos\920_811.mp4,faceforensics,NeuralTextures,fake
C:\Users\Dani\Downloads\diploma_structure\deepfake-detection-system\data\raw\celebdf\Celeb-real\id5_0001.mp4,celebdf,Celeb-real,real
C:\Users\Dani\Downloads\diploma_structure\deepfake-detection-system\data\raw\celebdf\YouTube-real\00135.mp4,celebdf,YouTube-real,real
C:\Users\Dani\Downloads\diploma_structure\deepfake-detection-system\data\raw\celebdf\Celeb-synthesis\id27_id22_0009.mp4,celebdf,Celeb-synthesis,fake
C:\Users\Dani\Downloads\diploma_structure\deepfake-detection-system\data\raw\celebdf\Celeb-real\id58_0000.mp4,celebdf,Celeb-real,real
C:\Users\Dani\Downloads\diploma_structure\deepfake-detection-system\data\raw\celebdf\YouTube-real\00207.mp4,celebdf,YouTube-real,real
C:\Users\Dani\Downloads\diploma_structure\deepfake-detection-system\data\raw\celebdf\YouTube-real\00060.mp4,celebdf,YouTube-real,real
C:\Users\Dani\Downloads\diploma_structure\deepfake-detection-system\data\raw\celebdf\Celeb-synthesis\id16_id1_0004.mp4,celebdf,Celeb-synthesis,fake
C:\Users\Dani\Downloads\diploma_structure\deepfake-detection-system\data\raw\celebdf\Celeb-real\id55_0004.mp4,celebdf,Celeb-real,real
C:\Users\Dani\Downloads\diploma_structure\deepfake-detection-system\data\raw\faceforensics\manipulated_sequences\Deepfakes\c23\videos\266_252.mp4,faceforensics,Deepfakes,fake
C:\Users\Dani\Downloads\diploma_structure\deepfake-detection-system\data\raw\celebdf\YouTube-real\00075.mp4,celebdf,YouTube-real,real
C:\Users\Dani\Downloads\diploma_structure\deepfake-detection-system\data\raw\celebdf\Celeb-synthesis\id37_id29_0008.mp4,celebdf,Celeb-synthesis,fake
C:\Users\Dani\Downloads\diploma_structure\deepfake-detection-system\data\raw\celebdf\Celeb-synthesis\id56_id52_0003.mp4,celebdf,Celeb-synthesis,fake
C:\Users\Dani\Downloads\diploma_structure\deepfake-detection-system\data\raw\celebdf\Celeb-synthesis\id7_id13_0007.mp4,celebdf,Celeb-synthesis,fake
C:\Users\Dani\Downloads\diploma_structure\deepfake-detection-system\data\raw\celebdf\Celeb-real\id0_0009.mp4,celebdf,Celeb-real,real
C:\Users\Dani\Downloads\diploma_structure\deepfake-detection-system\data\raw\celebdf\Celeb-synthesis\id27_id28_0000.mp4,celebdf,Celeb-synthesis,fake
C:\Users\Dani\Downloads\diploma_structure\deepfake-detection-system\data\raw\celebdf\Celeb-synthesis\id46_id48_0007.mp4,celebdf,Celeb-synthesis,fake
C:\Users\Dani\Downloads\diploma_structure\deepfake-detection-system\data\raw\celebdf\Celeb-synthesis\id1_id23_0006.mp4,celebdf,Celeb-synthesis,fake
C:\Users\Dani\Downloads\diploma_structure\deepfake-detection-system\data\raw\celebdf\Celeb-real\id11_0002.mp4,celebdf,Celeb-real,real
C:\Users\Dani\Downloads\diploma_structure\deepfake-detection-system\data\raw\celebdf\Celeb-real\id44_0000.mp4,celebdf,Celeb-real,real
C:\Users\Dani\Downloads\diploma_structure\deepfake-detection-system\data\raw\celebdf\Celeb-synthesis\id17_id16_0007.mp4,celebdf,Celeb-synthesis,fake
C:\Users\Dani\Downloads\diploma_structure\deepfake-detection-system\data\raw\celebdf\Celeb-synthesis\id2_id23_0003.mp4,celebdf,Celeb-synthesis,fake
C:\Users\Dani\Downloads\diploma_structure\deepfake-detection-system\data\raw\celebdf\Celeb-real\id9_0007.mp4,celebdf,Celeb-real,real
C:\Users\Dani\Downloads\diploma_structure\deepfake-detection-system\data\raw\celebdf\Celeb-synthesis\id9_id2_0002.mp4,celebdf,Celeb-synthesis,fake
C:\Users\Dani\Downloads\diploma_structure\deepfake-detection-system\data\raw\celebdf\Celeb-synthesis\id19_id27_0004.mp4,celebdf,Celeb-synthesis,fake
C:\Users\Dani\Downloads\diploma_structure\deepfake-detection-system\data\raw\celebdf\Celeb-synthesis\id3_id23_0009.mp4,celebdf,Celeb-synthesis,fake
C:\Users\Dani\Downloads\diploma_structure\deepfake-detection-system\data\raw\celebdf\Celeb-real\id57_0005.mp4,celebdf,Celeb-real,real
C:\Users\Dani\Downloads\diploma_structure\deepfake-detection-system\data\raw\faceforensics\manipulated_sequences\FaceSwap\c23\videos\183_253.mp4,faceforensics,FaceSwap,fake
C:\Users\Dani\Downloads\diploma_structure\deepfake-detection-system\data\raw\celebdf\YouTube-real\00111.mp4,celebdf,YouTube-real,real
C:\Users\Dani\Downloads\diploma_structure\deepfake-detection-system\data\raw\celebdf\Celeb-synthesis\id45_id46_0003.mp4,celebdf,Celeb-synthesis,fake
C:\Users\Dani\Downloads\diploma_structure\deepfake-detection-system\data\raw\faceforensics\manipulated_sequences\Face2Face\c23\videos\654_648.mp4,faceforensics,Face2Face,fake
C:\Users\Dani\Downloads\diploma_structure\deepfake-detection-system\data\raw\celebdf\Celeb-synthesis\id28_id35_0004.mp4,celebdf,Celeb-synthesis,fake
C:\Users\Dani\Downloads\diploma_structure\deepfake-detection-system\data\raw\celebdf\Celeb-real\id39_0003.mp4,celebdf,Celeb-real,real
C:\Users\Dani\Downloads\diploma_structure\deepfake-detection-system\data\raw\celebdf\Celeb-synthesis\id6_id21_0001.mp4,celebdf,Celeb-synthesis,fake
C:\Users\Dani\Downloads\diploma_structure\deepfake-detection-system\data\raw\celebdf\Celeb-synthesis\id19_id22_0009.mp4,celebdf,Celeb-synthesis,fake
C:\Users\Dani\Downloads\diploma_structure\deepfake-detection-system\data\raw\celebdf\Celeb-real\id22_0001.mp4,celebdf,Celeb-real,real
C:\Users\Dani\Downloads\diploma_structure\deepfake-detection-system\data\raw\celebdf\Celeb-synthesis\id19_id20_0006.mp4,celebdf,Celeb-synthesis,fake
C:\Users\Dani\Downloads\diploma_structure\deepfake-detection-system\data\raw\celebdf\Celeb-synthesis\id56_id54_0005.mp4,celebdf,Celeb-synthesis,fake
C:\Users\Dani\Downloads\diploma_structure\deepfake-detection-system\data\raw\dfdc\dfdctrain\real-xtpeyyltfi-1.mp4,dfdc,dfdc,real
C:\Users\Dani\Downloads\diploma_structure\deepfake-detection-system\data\raw\faceforensics\manipulated_sequences\FaceSwap\c23\videos\920_811.mp4,faceforensics,FaceSwap,fake
C:\Users\Dani\Downloads\diploma_structure\deepfake-detection-system\data\raw\celebdf\Celeb-synthesis\id24_id20_0007.mp4,celebdf,Celeb-synthesis,fake
C:\Users\Dani\Downloads\diploma_structure\deepfake-detection-system\data\raw\celebdf\Celeb-synthesis\id31_id3_0005.mp4,celebdf,Celeb-synthesis,fake
C:\Users\Dani\Downloads\diploma_structure\deepfake-detection-system\data\raw\celebdf\Celeb-real\id46_0009.mp4,celebdf,Celeb-real,real
C:\Users\Dani\Downloads\diploma_structure\deepfake-detection-system\data\raw\celebdf\Celeb-synthesis\id26_id3_0004.mp4,celebdf,Celeb-synthesis,fake
C:\Users\Dani\Downloads\diploma_structure\deepfake-detection-system\data\raw\celebdf\YouTube-real\00160.mp4,celebdf,YouTube-real,real
C:\Users\Dani\Downloads\diploma_structure\deepfake-detection-system\data\raw\faceforensics\manipulated_sequences\NeuralTextures\c23\videos\481_469.mp4,faceforensics,NeuralTextures,fake
C:\Users\Dani\Downloads\diploma_structure\deepfake-detection-system\data\raw\celebdf\Celeb-real\id12_0000.mp4,celebdf,Celeb-real,real
C:\Users\Dani\Downloads\diploma_structure\deepfake-detection-system\data\raw\celebdf\Celeb-synthesis\id38_id35_0000.mp4,celebdf,Celeb-synthesis,fake
C:\Users\Dani\Downloads\diploma_structure\deepfake-detection-system\data\raw\celebdf\YouTube-real\00225.mp4,celebdf,YouTube-real,real
C:\Users\Dani\Downloads\diploma_structure\deepfake-detection-system\data\raw\celebdf\Celeb-real\id8_0004.mp4,celebdf,Celeb-real,real
C:\Users\Dani\Downloads\diploma_structure\deepfake-detection-system\data\raw\celebdf\Celeb-synthesis\id54_id53_0006.mp4,celebdf,Celeb-synthesis,fake
C:\Users\Dani\Downloads\diploma_structure\deepfake-detection-system\data\raw\celebdf\Celeb-synthesis\id30_id31_0004.mp4,celebdf,Celeb-synthesis,fake
C:\Users\Dani\Downloads\diploma_structure\deepfake-detection-system\data\raw\celebdf\YouTube-real\00293.mp4,celebdf,YouTube-real,real
C:\Users\Dani\Downloads\diploma_structure\deepfake-detection-system\data\raw\faceforensics\manipulated_sequences\FaceSwap\c23\videos\392_339.mp4,faceforensics,FaceSwap,fake
C:\Users\Dani\Downloads\diploma_structure\deepfake-detection-system\data\raw\faceforensics\manipulated_sequences\FaceSwap\c23\videos\644_657.mp4,faceforensics,FaceSwap,fake
C:\Users\Dani\Downloads\diploma_structure\deepfake-detection-system\data\raw\faceforensics\manipulated_sequences\FaceSwap\c23\videos\159_175.mp4,faceforensics,FaceSwap,fake
C:\Users\Dani\Downloads\diploma_structure\deepfake-detection-system\data\raw\celebdf\YouTube-real\00070.mp4,celebdf,YouTube-real,real
C:\Users\Dani\Downloads\diploma_structure\deepfake-detection-system\data\raw\celebdf\Celeb-synthesis\id31_id6_0008.mp4,celebdf,Celeb-synthesis,fake
C:\Users\Dani\Downloads\diploma_structure\deepfake-detection-system\data\raw\faceforensics\manipulated_sequences\NeuralTextures\c23\videos\942_943.mp4,faceforensics,NeuralTextures,fake
C:\Users\Dani\Downloads\diploma_structure\deepfake-detection-system\data\raw\celebdf\Celeb-real\id4_0001.mp4,celebdf,Celeb-real,real
C:\Users\Dani\Downloads\diploma_structure\deepfake-detection-system\data\raw\celebdf\Celeb-synthesis\id28_id24_0003.mp4,celebdf,Celeb-synthesis,fake
C:\Users\Dani\Downloads\diploma_structure\deepfake-detection-system\data\raw\celebdf\Celeb-synthesis\id30_id23_0008.mp4,celebdf,Celeb-synthesis,fake
C:\Users\Dani\Downloads\diploma_structure\deepfake-detection-system\data\raw\celebdf\Celeb-real\id59_0003.mp4,celebdf,Celeb-real,real
C:\Users\Dani\Downloads\diploma_structure\deepfake-detection-system\data\raw\dfdc\dfdctrain\fake-mzijagvmmz-1.mp4,dfdc,dfdc,fake
C:\Users\Dani\Downloads\diploma_structure\deepfake-detection-system\data\raw\dfdc\dfdctrain\fake-kbgdtsrfme-0.mp4,dfdc,dfdc,fake
C:\Users\Dani\Downloads\diploma_structure\deepfake-detection-system\data\raw\celebdf\Celeb-real\id40_0002.mp4,celebdf,Celeb-real,real
C:\Users\Dani\Downloads\diploma_structure\deepfake-detection-system\data\raw\celebdf\Celeb-real\id55_0008.mp4,celebdf,Celeb-real,real
C:\Users\Dani\Downloads\diploma_structure\deepfake-detection-system\data\raw\celebdf\Celeb-synthesis\id2_id9_0001.mp4,celebdf,Celeb-synthesis,fake
C:\Users\Dani\Downloads\diploma_structure\deepfake-detection-system\data\raw\faceforensics\manipulated_sequences\NeuralTextures\c23\videos\253_183.mp4,faceforensics,NeuralTextures,fake
C:\Users\Dani\Downloads\diploma_structure\deepfake-detection-system\data\raw\faceforensics\original_sequences\youtube\c23\videos\392.mp4,faceforensics,original,real
C:\Users\Dani\Downloads\diploma_structure\deepfake-detection-system\data\raw\celebdf\YouTube-real\00094.mp4,celebdf,YouTube-real,real
C:\Users\Dani\Downloads\diploma_structure\deepfake-detection-system\data\raw\celebdf\Celeb-real\id4_0009.mp4,celebdf,Celeb-real,real
C:\Users\Dani\Downloads\diploma_structure\deepfake-detection-system\data\raw\celebdf\Celeb-real\id57_0008.mp4,celebdf,Celeb-real,real
C:\Users\Dani\Downloads\diploma_structure\deepfake-detection-system\data\raw\celebdf\YouTube-real\00145.mp4,celebdf,YouTube-real,real
C:\Users\Dani\Downloads\diploma_structure\deepfake-detection-system\data\raw\celebdf\Celeb-synthesis\id21_id20_0007.mp4,celebdf,Celeb-synthesis,fake
C:\Users\Dani\Downloads\diploma_structure\deepfake-detection-system\data\raw\celebdf\Celeb-synthesis\id26_id22_0005.mp4,celebdf,Celeb-synthesis,fake
C:\Users\Dani\Downloads\diploma_structure\deepfake-detection-system\data\raw\celebdf\Celeb-synthesis\id58_id53_0005.mp4,celebdf,Celeb-synthesis,fake
C:\Users\Dani\Downloads\diploma_structure\deepfake-detection-system\data\raw\celebdf\Celeb-real\id41_0006.mp4,celebdf,Celeb-real,real
C:\Users\Dani\Downloads\diploma_structure\deepfake-detection-system\data\raw\dfdc\dfdctrain\fake-jfecpdvglu-1.mp4,dfdc,dfdc,fake
C:\Users\Dani\Downloads\diploma_structure\deepfake-detection-system\data\raw\faceforensics\manipulated_sequences\Deepfakes\c23\videos\339_392.mp4,faceforensics,Deepfakes,fake
C:\Users\Dani\Downloads\diploma_structure\deepfake-detection-system\data\raw\celebdf\Celeb-real\id2_0004.mp4,celebdf,Celeb-real,real
C:\Users\Dani\Downloads\diploma_structure\deepfake-detection-system\data\raw\celebdf\YouTube-real\00286.mp4,celebdf,YouTube-real,real
C:\Users\Dani\Downloads\diploma_structure\deepfake-detection-system\data\raw\celebdf\Celeb-synthesis\id34_id32_0004.mp4,celebdf,Celeb-synthesis,fake
C:\Users\Dani\Downloads\diploma_structure\deepfake-detection-system\data\raw\celebdf\Celeb-synthesis\id1_id20_0009.mp4,celebdf,Celeb-synthesis,fake
C:\Users\Dani\Downloads\diploma_structure\deepfake-detection-system\data\raw\celebdf\YouTube-real\00273.mp4,celebdf,YouTube-real,real
C:\Users\Dani\Downloads\diploma_structure\deepfake-detection-system\data\raw\dfdc\dfdctrain\fake-hfdkskwrwk-1.mp4,dfdc,dfdc,fake
C:\Users\Dani\Downloads\diploma_structure\deepfake-detection-system\data\raw\celebdf\Celeb-synthesis\id45_id41_0000.mp4,celebdf,Celeb-synthesis,fake
C:\Users\Dani\Downloads\diploma_structure\deepfake-detection-system\data\raw\celebdf\Celeb-synthesis\id31_id38_0007.mp4,celebdf,Celeb-synthesis,fake
C:\Users\Dani\Downloads\diploma_structure\deepfake-detection-system\data\raw\dfdc\dfdctrain\fake-hyimplklmb-1.mp4,dfdc,dfdc,fake
C:\Users\Dani\Downloads\diploma_structure\deepfake-detection-system\data\raw\celebdf\Celeb-synthesis\id50_id49_0009.mp4,celebdf,Celeb-synthesis,fake
C:\Users\Dani\Downloads\diploma_structure\deepfake-detection-system\data\raw\faceforensics\original_sequences\youtube\c23\videos\980.mp4,faceforensics,original,real
C:\Users\Dani\Downloads\diploma_structure\deepfake-detection-system\data\raw\celebdf\Celeb-synthesis\id17_id28_0009.mp4,celebdf,Celeb-synthesis,fake
C:\Users\Dani\Downloads\diploma_structure\deepfake-detection-system\data\raw\celebdf\Celeb-synthesis\id28_id6_0002.mp4,celebdf,Celeb-synthesis,fake
C:\Users\Dani\Downloads\diploma_structure\deepfake-detection-system\data\raw\dfdc\dfdctrain\real-klisuzrptl-0.mp4,dfdc,dfdc,real
C:\Users\Dani\Downloads\diploma_structure\deepfake-detection-system\data\raw\celebdf\YouTube-real\00263.mp4,celebdf,YouTube-real,real
C:\Users\Dani\Downloads\diploma_structure\deepfake-detection-system\data\raw\celebdf\Celeb-real\id48_0000.mp4,celebdf,Celeb-real,real
C:\Users\Dani\Downloads\diploma_structure\deepfake-detection-system\data\raw\celebdf\Celeb-synthesis\id29_id32_0000.mp4,celebdf,Celeb-synthesis,fake
C:\Users\Dani\Downloads\diploma_structure\deepfake-detection-system\data\raw\celebdf\Celeb-real\id38_0008.mp4,celebdf,Celeb-real,real
C:\Users\Dani\Downloads\diploma_structure\deepfake-detection-system\data\raw\celebdf\Celeb-synthesis\id51_id53_0001.mp4,celebdf,Celeb-synthesis,fake
C:\Users\Dani\Downloads\diploma_structure\deepfake-detection-system\data\raw\celebdf\Celeb-real\id44_0004.mp4,celebdf,Celeb-real,real
C:\Users\Dani\Downloads\diploma_structure\deepfake-detection-system\data\raw\celebdf\Celeb-synthesis\id42_id46_0001.mp4,celebdf,Celeb-synthesis,fake
C:\Users\Dani\Downloads\diploma_structure\deepfake-detection-system\data\raw\celebdf\Celeb-synthesis\id27_id23_0007.mp4,celebdf,Celeb-synthesis,fake
C:\Users\Dani\Downloads\diploma_structure\deepfake-detection-system\data\raw\celebdf\Celeb-real\id4_0000.mp4,celebdf,Celeb-real,real
C:\Users\Dani\Downloads\diploma_structure\deepfake-detection-system\data\raw\celebdf\YouTube-real\00279.mp4,celebdf,YouTube-real,real
C:\Users\Dani\Downloads\diploma_structure\deepfake-detection-system\data\raw\celebdf\Celeb-real\id40_0008.mp4,celebdf,Celeb-real,real
C:\Users\Dani\Downloads\diploma_structure\deepfake-detection-system\data\raw\celebdf\YouTube-real\00181.mp4,celebdf,YouTube-real,real
C:\Users\Dani\Downloads\diploma_structure\deepfake-detection-system\data\raw\celebdf\Celeb-synthesis\id2_id0_0006.mp4,celebdf,Celeb-synthesis,fake
C:\Users\Dani\Downloads\diploma_structure\deepfake-detection-system\data\raw\celebdf\Celeb-synthesis\id46_id48_0004.mp4,celebdf,Celeb-synthesis,fake
C:\Users\Dani\Downloads\diploma_structure\deepfake-detection-system\data\raw\celebdf\YouTube-real\00239.mp4,celebdf,YouTube-real,real
C:\Users\Dani\Downloads\diploma_structure\deepfake-detection-system\data\raw\celebdf\Celeb-synthesis\id60_id5_0003.mp4,celebdf,Celeb-synthesis,fake
C:\Users\Dani\Downloads\diploma_structure\deepfake-detection-system\data\raw\celebdf\Celeb-synthesis\id23_id2_0000.mp4,celebdf,Celeb-synthesis,fake
C:\Users\Dani\Downloads\diploma_structure\deepfake-detection-system\data\raw\celebdf\Celeb-real\id13_0013.mp4,celebdf,Celeb-real,real
C:\Users\Dani\Downloads\diploma_structure\deepfake-detection-system\data\raw\celebdf\Celeb-real\id7_0009.mp4,celebdf,Celeb-real,real
C:\Users\Dani\Downloads\diploma_structure\deepfake-detection-system\data\raw\celebdf\YouTube-real\00182.mp4,celebdf,YouTube-real,real
C:\Users\Dani\Downloads\diploma_structure\deepfake-detection-system\data\raw\celebdf\Celeb-synthesis\id34_id30_0000.mp4,celebdf,Celeb-synthesis,fake
C:\Users\Dani\Downloads\diploma_structure\deepfake-detection-system\data\raw\celebdf\YouTube-real\00038.mp4,celebdf,YouTube-real,real
C:\Users\Dani\Downloads\diploma_structure\deepfake-detection-system\data\raw\celebdf\Celeb-real\id5_0004.mp4,celebdf,Celeb-real,real
C:\Users\Dani\Downloads\diploma_structure\deepfake-detection-system\data\raw\celebdf\Celeb-synthesis\id38_id37_0007.mp4,celebdf,Celeb-synthesis,fake
C:\Users\Dani\Downloads\diploma_structure\deepfake-detection-system\data\raw\celebdf\YouTube-real\00051.mp4,celebdf,YouTube-real,real
C:\Users\Dani\Downloads\diploma_structure\deepfake-detection-system\data\raw\celebdf\Celeb-real\id16_0012.mp4,celebdf,Celeb-real,real
C:\Users\Dani\Downloads\diploma_structure\deepfake-detection-system\data\raw\faceforensics\manipulated_sequences\Deepfakes\c23\videos\055_147.mp4,faceforensics,Deepfakes,fake
C:\Users\Dani\Downloads\diploma_structure\deepfake-detection-system\data\raw\celebdf\Celeb-real\id36_0002.mp4,celebdf,Celeb-real,real
C:\Users\Dani\Downloads\diploma_structure\deepfake-detection-system\data\raw\celebdf\Celeb-synthesis\id52_id53_0009.mp4,celebdf,Celeb-synthesis,fake
C:\Users\Dani\Downloads\diploma_structure\deepfake-detection-system\data\raw\celebdf\Celeb-real\id53_0005.mp4,celebdf,Celeb-real,real
C:\Users\Dani\Downloads\diploma_structure\deepfake-detection-system\data\raw\dfdc\dfdctrain\fake-bmhztsvskg-1.mp4,dfdc,dfdc,fake
C:\Users\Dani\Downloads\diploma_structure\deepfake-detection-system\data\raw\celebdf\Celeb-real\id42_0001.mp4,celebdf,Celeb-real,real
C:\Users\Dani\Downloads\diploma_structure\deepfake-detection-system\data\raw\dfdc\dfdctrain\fake-rrtdgbxwul-1.mp4,dfdc,dfdc,fake
C:\Users\Dani\Downloads\diploma_structure\deepfake-detection-system\data\raw\celebdf\Celeb-synthesis\id22_id25_0002.mp4,celebdf,Celeb-synthesis,fake
C:\Users\Dani\Downloads\diploma_structure\deepfake-detection-system\data\raw\celebdf\Celeb-synthesis\id38_id34_0002.mp4,celebdf,Celeb-synthesis,fake
C:\Users\Dani\Downloads\diploma_structure\deepfake-detection-system\data\raw\faceforensics\manipulated_sequences\Deepfakes\c23\videos\183_253.mp4,faceforensics,Deepfakes,fake
C:\Users\Dani\Downloads\diploma_structure\deepfake-detection-system\data\raw\celebdf\Celeb-real\id27_0006.mp4,celebdf,Celeb-real,real
C:\Users\Dani\Downloads\diploma_structure\deepfake-detection-system\data\raw\celebdf\Celeb-synthesis\id31_id2_0009.mp4,celebdf,Celeb-synthesis,fake
C:\Users\Dani\Downloads\diploma_structure\deepfake-detection-system\data\raw\celebdf\YouTube-real\00154.mp4,celebdf,YouTube-real,real
C:\Users\Dani\Downloads\diploma_structure\deepfake-detection-system\data\raw\celebdf\Celeb-synthesis\id23_id29_0002.mp4,celebdf,Celeb-synthesis,fake
C:\Users\Dani\Downloads\diploma_structure\deepfake-detection-system\data\raw\celebdf\Celeb-synthesis\id20_id32_0003.mp4,celebdf,Celeb-synthesis,fake
C:\Users\Dani\Downloads\diploma_structure\deepfake-detection-system\data\raw\faceforensics\manipulated_sequences\NeuralTextures\c23\videos\183_253.mp4,faceforensics,NeuralTextures,fake
C:\Users\Dani\Downloads\diploma_structure\deepfake-detection-system\data\raw\faceforensics\manipulated_sequences\Deepfakes\c23\videos\986_994.mp4,faceforensics,Deepfakes,fake
C:\Users\Dani\Downloads\diploma_structure\deepfake-detection-system\data\raw\faceforensics\manipulated_sequences\Deepfakes\c23\videos\175_159.mp4,faceforensics,Deepfakes,fake
C:\Users\Dani\Downloads\diploma_structure\deepfake-detection-system\data\raw\celebdf\Celeb-synthesis\id23_id0_0003.mp4,celebdf,Celeb-synthesis,fake
C:\Users\Dani\Downloads\diploma_structure\deepfake-detection-system\data\raw\celebdf\Celeb-real\id61_0005.mp4,celebdf,Celeb-real,real
C:\Users\Dani\Downloads\diploma_structure\deepfake-detection-system\data\raw\celebdf\YouTube-real\00130.mp4,celebdf,YouTube-real,real
C:\Users\Dani\Downloads\diploma_structure\deepfake-detection-system\data\raw\celebdf\Celeb-synthesis\id4_id3_0002.mp4,celebdf,Celeb-synthesis,fake
C:\Users\Dani\Downloads\diploma_structure\deepfake-detection-system\data\raw\celebdf\Celeb-synthesis\id19_id23_0000.mp4,celebdf,Celeb-synthesis,fake
C:\Users\Dani\Downloads\diploma_structure\deepfake-detection-system\data\raw\celebdf\Celeb-real\id12_0006.mp4,celebdf,Celeb-real,real
C:\Users\Dani\Downloads\diploma_structure\deepfake-detection-system\data\raw\celebdf\Celeb-real\id30_0008.mp4,celebdf,Celeb-real,real
C:\Users\Dani\Downloads\diploma_structure\deepfake-detection-system\data\raw\celebdf\Celeb-synthesis\id35_id33_0007.mp4,celebdf,Celeb-synthesis,fake
C:\Users\Dani\Downloads\diploma_structure\deepfake-detection-system\data\raw\celebdf\YouTube-real\00007.mp4,celebdf,YouTube-real,real
C:\Users\Dani\Downloads\diploma_structure\deepfake-detection-system\data\raw\dfdc\dfdctrain\fake-liwjjdhggc-0.mp4,dfdc,dfdc,fake
C:\Users\Dani\Downloads\diploma_structure\deepfake-detection-system\data\raw\celebdf\YouTube-real\00037.mp4,celebdf,YouTube-real,real
C:\Users\Dani\Downloads\diploma_structure\deepfake-detection-system\data\raw\celebdf\Celeb-real\id40_0005.mp4,celebdf,Celeb-real,real
C:\Users\Dani\Downloads\diploma_structure\deepfake-detection-system\data\raw\celebdf\YouTube-real\00187.mp4,celebdf,YouTube-real,real
C:\Users\Dani\Downloads\diploma_structure\deepfake-detection-system\data\raw\celebdf\Celeb-real\id5_0000.mp4,celebdf,Celeb-real,real
C:\Users\Dani\Downloads\diploma_structure\deepfake-detection-system\data\raw\celebdf\YouTube-real\00005.mp4,celebdf,YouTube-real,real
C:\Users\Dani\Downloads\diploma_structure\deepfake-detection-system\data\raw\celebdf\YouTube-real\00265.mp4,celebdf,YouTube-real,real
C:\Users\Dani\Downloads\diploma_structure\deepfake-detection-system\data\raw\celebdf\YouTube-real\00269.mp4,celebdf,YouTube-real,real
C:\Users\Dani\Downloads\diploma_structure\deepfake-detection-system\data\raw\celebdf\Celeb-synthesis\id17_id16_0006.mp4,celebdf,Celeb-synthesis,fake
C:\Users\Dani\Downloads\diploma_structure\deepfake-detection-system\data\raw\celebdf\YouTube-real\00127.mp4,celebdf,YouTube-real,real
C:\Users\Dani\Downloads\diploma_structure\deepfake-detection-system\data\raw\celebdf\Celeb-real\id39_0000.mp4,celebdf,Celeb-real,real
C:\Users\Dani\Downloads\diploma_structure\deepfake-detection-system\data\raw\celebdf\Celeb-real\id4_0005.mp4,celebdf,Celeb-real,real
C:\Users\Dani\Downloads\diploma_structure\deepfake-detection-system\data\raw\celebdf\Celeb-real\id8_0003.mp4,celebdf,Celeb-real,real
C:\Users\Dani\Downloads\diploma_structure\deepfake-detection-system\data\raw\celebdf\Celeb-synthesis\id30_id38_0000.mp4,celebdf,Celeb-synthesis,fake
C:\Users\Dani\Downloads\diploma_structure\deepfake-detection-system\data\raw\celebdf\Celeb-real\id50_0005.mp4,celebdf,Celeb-real,real
C:\Users\Dani\Downloads\diploma_structure\deepfake-detection-system\data\raw\celebdf\Celeb-real\id22_0005.mp4,celebdf,Celeb-real,real
C:\Users\Dani\Downloads\diploma_structure\deepfake-detection-system\data\raw\celebdf\Celeb-synthesis\id37_id9_0005.mp4,celebdf,Celeb-synthesis,fake
C:\Users\Dani\Downloads\diploma_structure\deepfake-detection-system\data\raw\celebdf\Celeb-synthesis\id2_id28_0002.mp4,celebdf,Celeb-synthesis,fake
C:\Users\Dani\Downloads\diploma_structure\deepfake-detection-system\data\raw\celebdf\Celeb-synthesis\id23_id17_0002.mp4,celebdf,Celeb-synthesis,fake
C:\Users\Dani\Downloads\diploma_structure\deepfake-detection-system\data\raw\celebdf\Celeb-synthesis\id20_id0_0005.mp4,celebdf,Celeb-synthesis,fake
C:\Users\Dani\Downloads\diploma_structure\deepfake-detection-system\data\raw\celebdf\Celeb-real\id60_0007.mp4,celebdf,Celeb-real,real
C:\Users\Dani\Downloads\diploma_structure\deepfake-detection-system\data\raw\celebdf\YouTube-real\00201.mp4,celebdf,YouTube-real,real
C:\Users\Dani\Downloads\diploma_structure\deepfake-detection-system\data\raw\celebdf\Celeb-synthesis\id28_id33_0008.mp4,celebdf,Celeb-synthesis,fake
C:\Users\Dani\Downloads\diploma_structure\deepfake-detection-system\data\raw\celebdf\Celeb-synthesis\id37_id29_0002.mp4,celebdf,Celeb-synthesis,fake
C:\Users\Dani\Downloads\diploma_structure\deepfake-detection-system\data\raw\celebdf\Celeb-synthesis\id6_id28_0002.mp4,celebdf,Celeb-synthesis,fake
C:\Users\Dani\Downloads\diploma_structure\deepfake-detection-system\data\raw\faceforensics\manipulated_sequences\Deepfakes\c23\videos\654_648.mp4,faceforensics,Deepfakes,fake
C:\Users\Dani\Downloads\diploma_structure\deepfake-detection-system\data\raw\celebdf\Celeb-synthesis\id4_id31_0000.mp4,celebdf,Celeb-synthesis,fake
C:\Users\Dani\Downloads\diploma_structure\deepfake-detection-system\data\raw\celebdf\Celeb-synthesis\id30_id28_0009.mp4,celebdf,Celeb-synthesis,fake
C:\Users\Dani\Downloads\diploma_structure\deepfake-detection-system\data\raw\celebdf\Celeb-real\id10_0005.mp4,celebdf,Celeb-real,real
C:\Users\Dani\Downloads\diploma_structure\deepfake-detection-system\data\raw\celebdf\Celeb-synthesis\id39_id46_0000.mp4,celebdf,Celeb-synthesis,fake
C:\Users\Dani\Downloads\diploma_structure\deepfake-detection-system\data\raw\dfdc\dfdctrain\fake-obueljrnaf-1.mp4,dfdc,dfdc,fake
C:\Users\Dani\Downloads\diploma_structure\deepfake-detection-system\data\raw\faceforensics\original_sequences\youtube\c23\videos\263.mp4,faceforensics,original,real
C:\Users\Dani\Downloads\diploma_structure\deepfake-detection-system\data\raw\celebdf\Celeb-real\id13_0012.mp4,celebdf,Celeb-real,real
C:\Users\Dani\Downloads\diploma_structure\deepfake-detection-system\data\raw\celebdf\Celeb-real\id58_0008.mp4,celebdf,Celeb-real,real
C:\Users\Dani\Downloads\diploma_structure\deepfake-detection-system\data\raw\celebdf\YouTube-real\00243.mp4,celebdf,YouTube-real,real
C:\Users\Dani\Downloads\diploma_structure\deepfake-detection-system\data\raw\celebdf\Celeb-real\id61_0001.mp4,celebdf,Celeb-real,real
C:\Users\Dani\Downloads\diploma_structure\deepfake-detection-system\data\raw\celebdf\Celeb-real\id0_0005.mp4,celebdf,Celeb-real,real
C:\Users\Dani\Downloads\diploma_structure\deepfake-detection-system\data\raw\celebdf\Celeb-synthesis\id49_id52_0007.mp4,celebdf,Celeb-synthesis,fake
C:\Users\Dani\Downloads\diploma_structure\deepfake-detection-system\data\raw\celebdf\YouTube-real\00049.mp4,celebdf,YouTube-real,real
C:\Users\Dani\Downloads\diploma_structure\deepfake-detection-system\data\raw\faceforensics\manipulated_sequences\Face2Face\c23\videos\036_035.mp4,faceforensics,Face2Face,fake
C:\Users\Dani\Downloads\diploma_structure\deepfake-detection-system\data\raw\faceforensics\original_sequences\youtube\c23\videos\720.mp4,faceforensics,original,real
C:\Users\Dani\Downloads\diploma_structure\deepfake-detection-system\data\raw\celebdf\Celeb-real\id50_0000.mp4,celebdf,Celeb-real,real
C:\Users\Dani\Downloads\diploma_structure\deepfake-detection-system\data\raw\celebdf\Celeb-real\id58_0006.mp4,celebdf,Celeb-real,real
C:\Users\Dani\Downloads\diploma_structure\deepfake-detection-system\data\raw\celebdf\YouTube-real\00018.mp4,celebdf,YouTube-real,real
C:\Users\Dani\Downloads\diploma_structure\deepfake-detection-system\data\raw\dfdc\dfdctrain\fake-ojagblcuat-0.mp4,dfdc,dfdc,fake
C:\Users\Dani\Downloads\diploma_structure\deepfake-detection-system\data\raw\celebdf\Celeb-synthesis\id27_id22_0008.mp4,celebdf,Celeb-synthesis,fake
C:\Users\Dani\Downloads\diploma_structure\deepfake-detection-system\data\raw\celebdf\Celeb-real\id60_0008.mp4,celebdf,Celeb-real,real
C:\Users\Dani\Downloads\diploma_structure\deepfake-detection-system\data\raw\celebdf\Celeb-synthesis\id16_id6_0006.mp4,celebdf,Celeb-synthesis,fake
C:\Users\Dani\Downloads\diploma_structure\deepfake-detection-system\data\raw\celebdf\Celeb-synthesis\id9_id23_0002.mp4,celebdf,Celeb-synthesis,fake
C:\Users\Dani\Downloads\diploma_structure\deepfake-detection-system\data\raw\celebdf\Celeb-real\id46_0001.mp4,celebdf,Celeb-real,real
C:\Users\Dani\Downloads\diploma_structure\deepfake-detection-system\data\raw\celebdf\Celeb-synthesis\id9_id6_0008.mp4,celebdf,Celeb-synthesis,fake
C:\Users\Dani\Downloads\diploma_structure\deepfake-detection-system\data\raw\celebdf\Celeb-synthesis\id38_id34_0000.mp4,celebdf,Celeb-synthesis,fake
C:\Users\Dani\Downloads\diploma_structure\deepfake-detection-system\data\raw\celebdf\YouTube-real\00128.mp4,celebdf,YouTube-real,real
C:\Users\Dani\Downloads\diploma_structure\deepfake-detection-system\data\raw\celebdf\Celeb-real\id45_0007.mp4,celebdf,Celeb-real,real
C:\Users\Dani\Downloads\diploma_structure\deepfake-detection-system\data\raw\celebdf\Celeb-real\id59_0004.mp4,celebdf,Celeb-real,real
C:\Users\Dani\Downloads\diploma_structure\deepfake-detection-system\data\raw\celebdf\YouTube-real\00148.mp4,celebdf,YouTube-real,real
C:\Users\Dani\Downloads\diploma_structure\deepfake-detection-system\data\raw\celebdf\Celeb-real\id6_0006.mp4,celebdf,Celeb-real,real
C:\Users\Dani\Downloads\diploma_structure\deepfake-detection-system\data\raw\celebdf\Celeb-synthesis\id31_id21_0000.mp4,celebdf,Celeb-synthesis,fake
C:\Users\Dani\Downloads\diploma_structure\deepfake-detection-system\data\raw\celebdf\Celeb-synthesis\id23_id25_0003.mp4,celebdf,Celeb-synthesis,fake
C:\Users\Dani\Downloads\diploma_structure\deepfake-detection-system\data\raw\dfdc\dfdctrain\real-wknpfatwev-1.mp4,dfdc,dfdc,real
C:\Users\Dani\Downloads\diploma_structure\deepfake-detection-system\data\raw\celebdf\Celeb-real\id12_0003.mp4,celebdf,Celeb-real,real
C:\Users\Dani\Downloads\diploma_structure\deepfake-detection-system\data\raw\celebdf\Celeb-real\id27_0009.mp4,celebdf,Celeb-real,real
C:\Users\Dani\Downloads\diploma_structure\deepfake-detection-system\data\raw\celebdf\Celeb-synthesis\id1_id2_0005.mp4,celebdf,Celeb-synthesis,fake
C:\Users\Dani\Downloads\diploma_structure\deepfake-detection-system\data\raw\celebdf\Celeb-real\id28_0003.mp4,celebdf,Celeb-real,real
C:\Users\Dani\Downloads\diploma_structure\deepfake-detection-system\data\raw\celebdf\Celeb-synthesis\id23_id17_0001.mp4,celebdf,Celeb-synthesis,fake
C:\Users\Dani\Downloads\diploma_structure\deepfake-detection-system\data\raw\celebdf\Celeb-synthesis\id30_id35_0009.mp4,celebdf,Celeb-synthesis,fake
C:\Users\Dani\Downloads\diploma_structure\deepfake-detection-system\data\raw\celebdf\Celeb-synthesis\id35_id2_0001.mp4,celebdf,Celeb-synthesis,fake
C:\Users\Dani\Downloads\diploma_structure\deepfake-detection-system\data\raw\celebdf\Celeb-real\id54_0002.mp4,celebdf,Celeb-real,real
C:\Users\Dani\Downloads\diploma_structure\deepfake-detection-system\data\raw\celebdf\Celeb-synthesis\id9_id35_0005.mp4,celebdf,Celeb-synthesis,fake
C:\Users\Dani\Downloads\diploma_structure\deepfake-detection-system\data\raw\celebdf\Celeb-synthesis\id4_id35_0002.mp4,celebdf,Celeb-synthesis,fake
C:\Users\Dani\Downloads\diploma_structure\deepfake-detection-system\data\raw\celebdf\Celeb-synthesis\id26_id22_0004.mp4,celebdf,Celeb-synthesis,fake
C:\Users\Dani\Downloads\diploma_structure\deepfake-detection-system\data\raw\celebdf\Celeb-real\id13_0000.mp4,celebdf,Celeb-real,real
C:\Users\Dani\Downloads\diploma_structure\deepfake-detection-system\data\raw\celebdf\Celeb-synthesis\id40_id44_0009.mp4,celebdf,Celeb-synthesis,fake
C:\Users\Dani\Downloads\diploma_structure\deepfake-detection-system\data\raw\faceforensics\manipulated_sequences\Deepfakes\c23\videos\396_272.mp4,faceforensics,Deepfakes,fake
C:\Users\Dani\Downloads\diploma_structure\deepfake-detection-system\data\raw\celebdf\YouTube-real\00256.mp4,celebdf,YouTube-real,real
C:\Users\Dani\Downloads\diploma_structure\deepfake-detection-system\data\raw\faceforensics\manipulated_sequences\Deepfakes\c23\videos\097_033.mp4,faceforensics,Deepfakes,fake
C:\Users\Dani\Downloads\diploma_structure\deepfake-detection-system\data\raw\celebdf\Celeb-real\id16_0003.mp4,celebdf,Celeb-real,real
C:\Users\Dani\Downloads\diploma_structure\deepfake-detection-system\data\raw\celebdf\Celeb-real\id52_0004.mp4,celebdf,Celeb-real,real
C:\Users\Dani\Downloads\diploma_structure\deepfake-detection-system\data\raw\celebdf\Celeb-synthesis\id17_id1_0001.mp4,celebdf,Celeb-synthesis,fake
C:\Users\Dani\Downloads\diploma_structure\deepfake-detection-system\data\raw\celebdf\Celeb-synthesis\id24_id20_0006.mp4,celebdf,Celeb-synthesis,fake
C:\Users\Dani\Downloads\diploma_structure\deepfake-detection-system\data\raw\celebdf\YouTube-real\00218.mp4,celebdf,YouTube-real,real
C:\Users\Dani\Downloads\diploma_structure\deepfake-detection-system\data\raw\celebdf\Celeb-real\id57_0007.mp4,celebdf,Celeb-real,real
C:\Users\Dani\Downloads\diploma_structure\deepfake-detection-system\data\raw\celebdf\Celeb-synthesis\id2_id30_0005.mp4,celebdf,Celeb-synthesis,fake
C:\Users\Dani\Downloads\diploma_structure\deepfake-detection-system\data\raw\dfdc\dfdctrain\real-jwjyxtjdvp-0.mp4,dfdc,dfdc,real
C:\Users\Dani\Downloads\diploma_structure\deepfake-detection-system\data\raw\faceforensics\manipulated_sequences\Deepfakes\c23\videos\192_134.mp4,faceforensics,Deepfakes,fake
C:\Users\Dani\Downloads\diploma_structure\deepfake-detection-system\data\raw\celebdf\Celeb-real\id50_0001.mp4,celebdf,Celeb-real,real
C:\Users\Dani\Downloads\diploma_structure\deepfake-detection-system\data\raw\celebdf\Celeb-synthesis\id50_id56_0007.mp4,celebdf,Celeb-synthesis,fake
C:\Users\Dani\Downloads\diploma_structure\deepfake-detection-system\data\raw\celebdf\Celeb-synthesis\id0_id2_0005.mp4,celebdf,Celeb-synthesis,fake
C:\Users\Dani\Downloads\diploma_structure\deepfake-detection-system\data\raw\faceforensics\manipulated_sequences\NeuralTextures\c23\videos\712_716.mp4,faceforensics,NeuralTextures,fake
C:\Users\Dani\Downloads\diploma_structure\deepfake-detection-system\data\raw\faceforensics\manipulated_sequences\FaceSwap\c23\videos\943_942.mp4,faceforensics,FaceSwap,fake
C:\Users\Dani\Downloads\diploma_structure\deepfake-detection-system\data\raw\celebdf\Celeb-synthesis\id29_id34_0007.mp4,celebdf,Celeb-synthesis,fake
C:\Users\Dani\Downloads\diploma_structure\deepfake-detection-system\data\raw\celebdf\Celeb-real\id57_0001.mp4,celebdf,Celeb-real,real
C:\Users\Dani\Downloads\diploma_structure\deepfake-detection-system\data\raw\celebdf\Celeb-synthesis\id54_id56_0001.mp4,celebdf,Celeb-synthesis,fake
C:\Users\Dani\Downloads\diploma_structure\deepfake-detection-system\data\raw\celebdf\Celeb-synthesis\id3_id0_0004.mp4,celebdf,Celeb-synthesis,fake
C:\Users\Dani\Downloads\diploma_structure\deepfake-detection-system\data\raw\celebdf\Celeb-real\id53_0007.mp4,celebdf,Celeb-real,real
C:\Users\Dani\Downloads\diploma_structure\deepfake-detection-system\data\raw\celebdf\YouTube-real\00200.mp4,celebdf,YouTube-real,real
C:\Users\Dani\Downloads\diploma_structure\deepfake-detection-system\data\raw\celebdf\Celeb-real\id10_0002.mp4,celebdf,Celeb-real,real
C:\Users\Dani\Downloads\diploma_structure\deepfake-detection-system\data\raw\faceforensics\original_sequences\youtube\c23\videos\183.mp4,faceforensics,original,real
C:\Users\Dani\Downloads\diploma_structure\deepfake-detection-system\data\raw\celebdf\Celeb-real\id46_0008.mp4,celebdf,Celeb-real,real
C:\Users\Dani\Downloads\diploma_structure\deepfake-detection-system\data\raw\celebdf\Celeb-synthesis\id40_id44_0003.mp4,celebdf,Celeb-synthesis,fake
C:\Users\Dani\Downloads\diploma_structure\deepfake-detection-system\data\raw\celebdf\Celeb-synthesis\id24_id21_0004.mp4,celebdf,Celeb-synthesis,fake
C:\Users\Dani\Downloads\diploma_structure\deepfake-detection-system\data\raw\faceforensics\manipulated_sequences\NeuralTextures\c23\videos\175_159.mp4,faceforensics,NeuralTextures,fake
C:\Users\Dani\Downloads\diploma_structure\deepfake-detection-system\data\raw\celebdf\Celeb-real\id49_0001.mp4,celebdf,Celeb-real,real
C:\Users\Dani\Downloads\diploma_structure\deepfake-detection-system\data\raw\celebdf\Celeb-real\id49_0007.mp4,celebdf,Celeb-real,real
C:\Users\Dani\Downloads\diploma_structure\deepfake-detection-system\data\raw\faceforensics\manipulated_sequences\Face2Face\c23\videos\147_055.mp4,faceforensics,Face2Face,fake
C:\Users\Dani\Downloads\diploma_structure\deepfake-detection-system\data\raw\celebdf\YouTube-real\00000.mp4,celebdf,YouTube-real,real
C:\Users\Dani\Downloads\diploma_structure\deepfake-detection-system\data\raw\celebdf\Celeb-real\id28_0002.mp4,celebdf,Celeb-real,real
C:\Users\Dani\Downloads\diploma_structure\deepfake-detection-system\data\raw\celebdf\Celeb-real\id56_0009.mp4,celebdf,Celeb-real,real
C:\Users\Dani\Downloads\diploma_structure\deepfake-detection-system\data\raw\faceforensics\manipulated_sequences\Face2Face\c23\videos\672_720.mp4,faceforensics,Face2Face,fake
C:\Users\Dani\Downloads\diploma_structure\deepfake-detection-system\data\raw\celebdf\Celeb-real\id16_0009.mp4,celebdf,Celeb-real,real
C:\Users\Dani\Downloads\diploma_structure\deepfake-detection-system\data\raw\celebdf\Celeb-synthesis\id7_id11_0004.mp4,celebdf,Celeb-synthesis,fake
C:\Users\Dani\Downloads\diploma_structure\deepfake-detection-system\data\raw\celebdf\Celeb-synthesis\id28_id38_0009.mp4,celebdf,Celeb-synthesis,fake
C:\Users\Dani\Downloads\diploma_structure\deepfake-detection-system\data\raw\faceforensics\manipulated_sequences\NeuralTextures\c23\videos\866_878.mp4,faceforensics,NeuralTextures,fake
C:\Users\Dani\Downloads\diploma_structure\deepfake-detection-system\data\raw\celebdf\Celeb-synthesis\id30_id32_0009.mp4,celebdf,Celeb-synthesis,fake
C:\Users\Dani\Downloads\diploma_structure\deepfake-detection-system\data\raw\celebdf\Celeb-synthesis\id50_id53_0005.mp4,celebdf,Celeb-synthesis,fake
C:\Users\Dani\Downloads\diploma_structure\deepfake-detection-system\data\raw\celebdf\Celeb-real\id21_0006.mp4,celebdf,Celeb-real,real
C:\Users\Dani\Downloads\diploma_structure\deepfake-detection-system\data\raw\celebdf\Celeb-synthesis\id37_id1_0005.mp4,celebdf,Celeb-synthesis,fake
C:\Users\Dani\Downloads\diploma_structure\deepfake-detection-system\data\raw\celebdf\Celeb-synthesis\id37_id29_0009.mp4,celebdf,Celeb-synthesis,fake
C:\Users\Dani\Downloads\diploma_structure\deepfake-detection-system\data\raw\dfdc\dfdctrain\fake-xpxvszxmdx-0.mp4,dfdc,dfdc,fake
C:\Users\Dani\Downloads\diploma_structure\deepfake-detection-system\data\raw\celebdf\YouTube-real\00125.mp4,celebdf,YouTube-real,real
C:\Users\Dani\Downloads\diploma_structure\deepfake-detection-system\data\raw\celebdf\YouTube-real\00234.mp4,celebdf,YouTube-real,real
C:\Users\Dani\Downloads\diploma_structure\deepfake-detection-system\data\raw\celebdf\YouTube-real\00050.mp4,celebdf,YouTube-real,real
C:\Users\Dani\Downloads\diploma_structure\deepfake-detection-system\data\raw\celebdf\Celeb-real\id37_0008.mp4,celebdf,Celeb-real,real
C:\Users\Dani\Downloads\diploma_structure\deepfake-detection-system\data\raw\dfdc\dfdctrain\fake-jtohkanmcb-0.mp4,dfdc,dfdc,fake
C:\Users\Dani\Downloads\diploma_structure\deepfake-detection-system\data\raw\celebdf\Celeb-synthesis\id49_id58_0006.mp4,celebdf,Celeb-synthesis,fake
C:\Users\Dani\Downloads\diploma_structure\deepfake-detection-system\data\raw\celebdf\Celeb-real\id32_0000.mp4,celebdf,Celeb-real,real
C:\Users\Dani\Downloads\diploma_structure\deepfake-detection-system\data\raw\celebdf\Celeb-synthesis\id26_id37_0004.mp4,celebdf,Celeb-synthesis,fake
C:\Users\Dani\Downloads\diploma_structure\deepfake-detection-system\data\raw\celebdf\Celeb-synthesis\id28_id21_0003.mp4,celebdf,Celeb-synthesis,fake
C:\Users\Dani\Downloads\diploma_structure\deepfake-detection-system\data\raw\celebdf\Celeb-real\id48_0003.mp4,celebdf,Celeb-real,real
C:\Users\Dani\Downloads\diploma_structure\deepfake-detection-system\data\raw\celebdf\Celeb-synthesis\id17_id30_0007.mp4,celebdf,Celeb-synthesis,fake
C:\Users\Dani\Downloads\diploma_structure\deepfake-detection-system\data\raw\dfdc\dfdctrain\real-mkwhpzswmo-0.mp4,dfdc,dfdc,real
C:\Users\Dani\Downloads\diploma_structure\deepfake-detection-system\data\raw\celebdf\Celeb-real\id23_0002.mp4,celebdf,Celeb-real,real
C:\Users\Dani\Downloads\diploma_structure\deepfake-detection-system\data\raw\celebdf\Celeb-real\id34_0000.mp4,celebdf,Celeb-real,real
C:\Users\Dani\Downloads\diploma_structure\deepfake-detection-system\data\raw\celebdf\Celeb-real\id54_0005.mp4,celebdf,Celeb-real,real
C:\Users\Dani\Downloads\diploma_structure\deepfake-detection-system\data\raw\faceforensics\manipulated_sequences\Face2Face\c23\videos\924_917.mp4,faceforensics,Face2Face,fake
C:\Users\Dani\Downloads\diploma_structure\deepfake-detection-system\data\raw\faceforensics\manipulated_sequences\NeuralTextures\c23\videos\811_920.mp4,faceforensics,NeuralTextures,fake
C:\Users\Dani\Downloads\diploma_structure\deepfake-detection-system\data\raw\celebdf\Celeb-synthesis\id16_id0_0009.mp4,celebdf,Celeb-synthesis,fake
C:\Users\Dani\Downloads\diploma_structure\deepfake-detection-system\data\raw\faceforensics\manipulated_sequences\FaceSwap\c23\videos\284_263.mp4,faceforensics,FaceSwap,fake
C:\Users\Dani\Downloads\diploma_structure\deepfake-detection-system\data\raw\celebdf\YouTube-real\00117.mp4,celebdf,YouTube-real,real
C:\Users\Dani\Downloads\diploma_structure\deepfake-detection-system\data\raw\celebdf\YouTube-real\00002.mp4,celebdf,YouTube-real,real
C:\Users\Dani\Downloads\diploma_structure\deepfake-detection-system\data\raw\celebdf\Celeb-synthesis\id2_id31_0006.mp4,celebdf,Celeb-synthesis,fake
C:\Users\Dani\Downloads\diploma_structure\deepfake-detection-system\data\raw\celebdf\YouTube-real\00059.mp4,celebdf,YouTube-real,real
C:\Users\Dani\Downloads\diploma_structure\deepfake-detection-system\data\raw\celebdf\YouTube-real\00211.mp4,celebdf,YouTube-real,real
C:\Users\Dani\Downloads\diploma_structure\deepfake-detection-system\data\raw\celebdf\Celeb-synthesis\id1_id0_0006.mp4,celebdf,Celeb-synthesis,fake
C:\Users\Dani\Downloads\diploma_structure\deepfake-detection-system\data\raw\celebdf\Celeb-real\id49_0005.mp4,celebdf,Celeb-real,real
C:\Users\Dani\Downloads\diploma_structure\deepfake-detection-system\data\raw\celebdf\YouTube-real\00150.mp4,celebdf,YouTube-real,real
C:\Users\Dani\Downloads\diploma_structure\deepfake-detection-system\data\raw\celebdf\Celeb-synthesis\id17_id30_0005.mp4,celebdf,Celeb-synthesis,fake
C:\Users\Dani\Downloads\diploma_structure\deepfake-detection-system\data\raw\celebdf\Celeb-real\id47_0003.mp4,celebdf,Celeb-real,real
C:\Users\Dani\Downloads\diploma_structure\deepfake-detection-system\data\raw\celebdf\YouTube-real\00237.mp4,celebdf,YouTube-real,real
C:\Users\Dani\Downloads\diploma_structure\deepfake-detection-system\data\raw\celebdf\YouTube-real\00126.mp4,celebdf,YouTube-real,real
C:\Users\Dani\Downloads\diploma_structure\deepfake-detection-system\data\raw\celebdf\Celeb-real\id43_0000.mp4,celebdf,Celeb-real,real
C:\Users\Dani\Downloads\diploma_structure\deepfake-detection-system\data\raw\celebdf\Celeb-synthesis\id32_id20_0005.mp4,celebdf,Celeb-synthesis,fake
C:\Users\Dani\Downloads\diploma_structure\deepfake-detection-system\data\raw\celebdf\YouTube-real\00191.mp4,celebdf,YouTube-real,real
C:\Users\Dani\Downloads\diploma_structure\deepfake-detection-system\data\raw\celebdf\Celeb-synthesis\id27_id23_0009.mp4,celebdf,Celeb-synthesis,fake
C:\Users\Dani\Downloads\diploma_structure\deepfake-detection-system\data\raw\celebdf\YouTube-real\00090.mp4,celebdf,YouTube-real,real
C:\Users\Dani\Downloads\diploma_structure\deepfake-detection-system\data\raw\celebdf\Celeb-synthesis\id21_id23_0005.mp4,celebdf,Celeb-synthesis,fake
C:\Users\Dani\Downloads\diploma_structure\deepfake-detection-system\data\raw\celebdf\YouTube-real\00282.mp4,celebdf,YouTube-real,real
C:\Users\Dani\Downloads\diploma_structure\deepfake-detection-system\data\raw\faceforensics\manipulated_sequences\NeuralTextures\c23\videos\924_917.mp4,faceforensics,NeuralTextures,fake
C:\Users\Dani\Downloads\diploma_structure\deepfake-detection-system\data\raw\celebdf\Celeb-synthesis\id3_id30_0004.mp4,celebdf,Celeb-synthesis,fake
C:\Users\Dani\Downloads\diploma_structure\deepfake-detection-system\data\raw\celebdf\YouTube-real\00257.mp4,celebdf,YouTube-real,real
C:\Users\Dani\Downloads\diploma_structure\deepfake-detection-system\data\raw\celebdf\Celeb-real\id0_0003.mp4,celebdf,Celeb-real,real
C:\Users\Dani\Downloads\diploma_structure\deepfake-detection-system\data\raw\celebdf\Celeb-synthesis\id53_id52_0002.mp4,celebdf,Celeb-synthesis,fake
C:\Users\Dani\Downloads\diploma_structure\deepfake-detection-system\data\raw\celebdf\Celeb-synthesis\id37_id21_0007.mp4,celebdf,Celeb-synthesis,fake
C:\Users\Dani\Downloads\diploma_structure\deepfake-detection-system\data\raw\celebdf\Celeb-real\id13_0008.mp4,celebdf,Celeb-real,real
C:\Users\Dani\Downloads\diploma_structure\deepfake-detection-system\data\raw\celebdf\Celeb-synthesis\id21_id32_0009.mp4,celebdf,Celeb-synthesis,fake
C:\Users\Dani\Downloads\diploma_structure\deepfake-detection-system\data\raw\celebdf\YouTube-real\00034.mp4,celebdf,YouTube-real,real
C:\Users\Dani\Downloads\diploma_structure\deepfake-detection-system\data\raw\celebdf\YouTube-real\00177.mp4,celebdf,YouTube-real,real
C:\Users\Dani\Downloads\diploma_structure\deepfake-detection-system\data\raw\faceforensics\manipulated_sequences\Face2Face\c23\videos\716_712.mp4,faceforensics,Face2Face,fake
C:\Users\Dani\Downloads\diploma_structure\deepfake-detection-system\data\raw\celebdf\Celeb-synthesis\id54_id50_0005.mp4,celebdf,Celeb-synthesis,fake
C:\Users\Dani\Downloads\diploma_structure\deepfake-detection-system\data\raw\celebdf\Celeb-synthesis\id29_id38_0008.mp4,celebdf,Celeb-synthesis,fake
C:\Users\Dani\Downloads\diploma_structure\deepfake-detection-system\data\raw\celebdf\YouTube-real\00292.mp4,celebdf,YouTube-real,real
C:\Users\Dani\Downloads\diploma_structure\deepfake-detection-system\data\raw\celebdf\Celeb-synthesis\id52_id50_0005.mp4,celebdf,Celeb-synthesis,fake
C:\Users\Dani\Downloads\diploma_structure\deepfake-detection-system\data\raw\celebdf\YouTube-real\00283.mp4,celebdf,YouTube-real,real
C:\Users\Dani\Downloads\diploma_structure\deepfake-detection-system\data\raw\celebdf\Celeb-synthesis\id23_id16_0007.mp4,celebdf,Celeb-synthesis,fake
C:\Users\Dani\Downloads\diploma_structure\deepfake-detection-system\data\raw\celebdf\Celeb-real\id6_0008.mp4,celebdf,Celeb-real,real
C:\Users\Dani\Downloads\diploma_structure\deepfake-detection-system\data\raw\celebdf\Celeb-real\id6_0003.mp4,celebdf,Celeb-real,real
C:\Users\Dani\Downloads\diploma_structure\deepfake-detection-system\data\raw\dfdc\dfdctrain\fake-bvixniyivj-0.mp4,dfdc,dfdc,fake
C:\Users\Dani\Downloads\diploma_structure\deepfake-detection-system\data\raw\celebdf\Celeb-synthesis\id26_id29_0001.mp4,celebdf,Celeb-synthesis,fake
C:\Users\Dani\Downloads\diploma_structure\deepfake-detection-system\data\raw\celebdf\YouTube-real\00104.mp4,celebdf,YouTube-real,real
C:\Users\Dani\Downloads\diploma_structure\deepfake-detection-system\data\raw\celebdf\YouTube-real\00045.mp4,celebdf,YouTube-real,real
C:\Users\Dani\Downloads\diploma_structure\deepfake-detection-system\data\raw\celebdf\YouTube-real\00238.mp4,celebdf,YouTube-real,real
C:\Users\Dani\Downloads\diploma_structure\deepfake-detection-system\data\raw\celebdf\Celeb-real\id9_0000.mp4,celebdf,Celeb-real,real
C:\Users\Dani\Downloads\diploma_structure\deepfake-detection-system\data\raw\celebdf\Celeb-synthesis\id28_id0_0005.mp4,celebdf,Celeb-synthesis,fake
C:\Users\Dani\Downloads\diploma_structure\deepfake-detection-system\data\raw\faceforensics\manipulated_sequences\FaceSwap\c23\videos\481_469.mp4,faceforensics,FaceSwap,fake
C:\Users\Dani\Downloads\diploma_structure\deepfake-detection-system\data\raw\celebdf\Celeb-real\id3_0001.mp4,celebdf,Celeb-real,real
C:\Users\Dani\Downloads\diploma_structure\deepfake-detection-system\data\raw\celebdf\Celeb-synthesis\id28_id26_0005.mp4,celebdf,Celeb-synthesis,fake
C:\Users\Dani\Downloads\diploma_structure\deepfake-detection-system\data\raw\celebdf\YouTube-real\00229.mp4,celebdf,YouTube-real,real
C:\Users\Dani\Downloads\diploma_structure\deepfake-detection-system\data\raw\celebdf\Celeb-synthesis\id44_id42_0005.mp4,celebdf,Celeb-synthesis,fake
C:\Users\Dani\Downloads\diploma_structure\deepfake-detection-system\data\raw\celebdf\Celeb-real\id3_0008.mp4,celebdf,Celeb-real,real
C:\Users\Dani\Downloads\diploma_structure\deepfake-detection-system\data\raw\faceforensics\manipulated_sequences\NeuralTextures\c23\videos\252_266.mp4,faceforensics,NeuralTextures,fake
C:\Users\Dani\Downloads\diploma_structure\deepfake-detection-system\data\raw\dfdc\dfdctrain\fake-qvpntddupb-0.mp4,dfdc,dfdc,fake
C:\Users\Dani\Downloads\diploma_structure\deepfake-detection-system\data\raw\celebdf\YouTube-real\00140.mp4,celebdf,YouTube-real,real
C:\Users\Dani\Downloads\diploma_structure\deepfake-detection-system\data\raw\faceforensics\original_sequences\youtube\c23\videos\712.mp4,faceforensics,original,real
C:\Users\Dani\Downloads\diploma_structure\deepfake-detection-system\data\raw\faceforensics\manipulated_sequences\FaceSwap\c23\videos\942_943.mp4,faceforensics,FaceSwap,fake
C:\Users\Dani\Downloads\diploma_structure\deepfake-detection-system\data\raw\celebdf\YouTube-real\00147.mp4,celebdf,YouTube-real,real
C:\Users\Dani\Downloads\diploma_structure\deepfake-detection-system\data\raw\celebdf\Celeb-real\id42_0003.mp4,celebdf,Celeb-real,real
C:\Users\Dani\Downloads\diploma_structure\deepfake-detection-system\data\raw\celebdf\Celeb-synthesis\id47_id46_0009.mp4,celebdf,Celeb-synthesis,fake
C:\Users\Dani\Downloads\diploma_structure\deepfake-detection-system\data\raw\faceforensics\manipulated_sequences\Face2Face\c23\videos\986_994.mp4,faceforensics,Face2Face,fake
C:\Users\Dani\Downloads\diploma_structure\deepfake-detection-system\data\raw\celebdf\Celeb-real\id8_0002.mp4,celebdf,Celeb-real,real
C:\Users\Dani\Downloads\diploma_structure\deepfake-detection-system\data\raw\dfdc\dfdctrain\real-phtwqvezao-0.mp4,dfdc,dfdc,real
C:\Users\Dani\Downloads\diploma_structure\deepfake-detection-system\data\raw\celebdf\Celeb-real\id1_0003.mp4,celebdf,Celeb-real,real
C:\Users\Dani\Downloads\diploma_structure\deepfake-detection-system\data\raw\celebdf\Celeb-synthesis\id28_id24_0008.mp4,celebdf,Celeb-synthesis,fake
C:\Users\Dani\Downloads\diploma_structure\deepfake-detection-system\data\raw\celebdf\Celeb-synthesis\id28_id29_0007.mp4,celebdf,Celeb-synthesis,fake
C:\Users\Dani\Downloads\diploma_structure\deepfake-detection-system\data\raw\celebdf\Celeb-synthesis\id56_id57_0007.mp4,celebdf,Celeb-synthesis,fake
C:\Users\Dani\Downloads\diploma_structure\deepfake-detection-system\data\raw\celebdf\Celeb-synthesis\id17_id2_0009.mp4,celebdf,Celeb-synthesis,fake
C:\Users\Dani\Downloads\diploma_structure\deepfake-detection-system\data\raw\celebdf\Celeb-synthesis\id27_id28_0002.mp4,celebdf,Celeb-synthesis,fake
C:\Users\Dani\Downloads\diploma_structure\deepfake-detection-system\data\raw\celebdf\Celeb-synthesis\id26_id37_0003.mp4,celebdf,Celeb-synthesis,fake
C:\Users\Dani\Downloads\diploma_structure\deepfake-detection-system\data\raw\celebdf\Celeb-real\id22_0007.mp4,celebdf,Celeb-real,real
C:\Users\Dani\Downloads\diploma_structure\deepfake-detection-system\data\raw\celebdf\Celeb-real\id47_0004.mp4,celebdf,Celeb-real,real
C:\Users\Dani\Downloads\diploma_structure\deepfake-detection-system\data\raw\celebdf\Celeb-real\id31_0002.mp4,celebdf,Celeb-real,real
C:\Users\Dani\Downloads\diploma_structure\deepfake-detection-system\data\raw\celebdf\Celeb-real\id30_0004.mp4,celebdf,Celeb-real,real
C:\Users\Dani\Downloads\diploma_structure\deepfake-detection-system\data\raw\celebdf\YouTube-real\00268.mp4,celebdf,YouTube-real,real
C:\Users\Dani\Downloads\diploma_structure\deepfake-detection-system\data\raw\faceforensics\manipulated_sequences\Face2Face\c23\videos\241_210.mp4,faceforensics,Face2Face,fake
C:\Users\Dani\Downloads\diploma_structure\deepfake-detection-system\data\raw\celebdf\Celeb-synthesis\id27_id19_0007.mp4,celebdf,Celeb-synthesis,fake
C:\Users\Dani\Downloads\diploma_structure\deepfake-detection-system\data\raw\celebdf\YouTube-real\00178.mp4,celebdf,YouTube-real,real
C:\Users\Dani\Downloads\diploma_structure\deepfake-detection-system\data\raw\faceforensics\original_sequences\youtube\c23\videos\210.mp4,faceforensics,original,real
C:\Users\Dani\Downloads\diploma_structure\deepfake-detection-system\data\raw\celebdf\Celeb-real\id4_0004.mp4,celebdf,Celeb-real,real
C:\Users\Dani\Downloads\diploma_structure\deepfake-detection-system\data\raw\celebdf\Celeb-real\id21_0005.mp4,celebdf,Celeb-real,real
C:\Users\Dani\Downloads\diploma_structure\deepfake-detection-system\data\raw\faceforensics\manipulated_sequences\Face2Face\c23\videos\828_830.mp4,faceforensics,Face2Face,fake
C:\Users\Dani\Downloads\diploma_structure\deepfake-detection-system\data\raw\celebdf\YouTube-real\00022.mp4,celebdf,YouTube-real,real
C:\Users\Dani\Downloads\diploma_structure\deepfake-detection-system\data\raw\faceforensics\manipulated_sequences\NeuralTextures\c23\videos\147_055.mp4,faceforensics,NeuralTextures,fake
C:\Users\Dani\Downloads\diploma_structure\deepfake-detection-system\data\raw\celebdf\Celeb-synthesis\id9_id1_0000.mp4,celebdf,Celeb-synthesis,fake
C:\Users\Dani\Downloads\diploma_structure\deepfake-detection-system\data\raw\celebdf\Celeb-synthesis\id50_id49_0005.mp4,celebdf,Celeb-synthesis,fake
C:\Users\Dani\Downloads\diploma_structure\deepfake-detection-system\data\raw\celebdf\Celeb-real\id24_0000.mp4,celebdf,Celeb-real,real
C:\Users\Dani\Downloads\diploma_structure\deepfake-detection-system\data\raw\celebdf\YouTube-real\00289.mp4,celebdf,YouTube-real,real
C:\Users\Dani\Downloads\diploma_structure\deepfake-detection-system\data\raw\celebdf\Celeb-real\id11_0010.mp4,celebdf,Celeb-real,real
C:\Users\Dani\Downloads\diploma_structure\deepfake-detection-system\data\raw\celebdf\Celeb-real\id10_0003.mp4,celebdf,Celeb-real,real
C:\Users\Dani\Downloads\diploma_structure\deepfake-detection-system\data\raw\celebdf\YouTube-real\00068.mp4,celebdf,YouTube-real,real
C:\Users\Dani\Downloads\diploma_structure\deepfake-detection-system\data\raw\dfdc\dfdctrain\fake-ckumbevdrg-1.mp4,dfdc,dfdc,fake
C:\Users\Dani\Downloads\diploma_structure\deepfake-detection-system\data\raw\celebdf\Celeb-real\id21_0002.mp4,celebdf,Celeb-real,real
C:\Users\Dani\Downloads\diploma_structure\deepfake-detection-system\data\raw\faceforensics\manipulated_sequences\FaceSwap\c23\videos\469_481.mp4,faceforensics,FaceSwap,fake
C:\Users\Dani\Downloads\diploma_structure\deepfake-detection-system\data\raw\celebdf\Celeb-synthesis\id20_id1_0000.mp4,celebdf,Celeb-synthesis,fake
C:\Users\Dani\Downloads\diploma_structure\deepfake-detection-system\data\raw\celebdf\Celeb-real\id7_0003.mp4,celebdf,Celeb-real,real
C:\Users\Dani\Downloads\diploma_structure\deepfake-detection-system\data\raw\celebdf\Celeb-synthesis\id16_id31_0011.mp4,celebdf,Celeb-synthesis,fake
C:\Users\Dani\Downloads\diploma_structure\deepfake-detection-system\data\raw\faceforensics\manipulated_sequences\FaceSwap\c23\videos\134_192.mp4,faceforensics,FaceSwap,fake
C:\Users\Dani\Downloads\diploma_structure\deepfake-detection-system\data\raw\celebdf\Celeb-synthesis\id50_id51_0000.mp4,celebdf,Celeb-synthesis,fake
C:\Users\Dani\Downloads\diploma_structure\deepfake-detection-system\data\raw\faceforensics\manipulated_sequences\Face2Face\c23\videos\811_920.mp4,faceforensics,Face2Face,fake
C:\Users\Dani\Downloads\diploma_structure\deepfake-detection-system\data\raw\celebdf\Celeb-real\id31_0009.mp4,celebdf,Celeb-real,real
C:\Users\Dani\Downloads\diploma_structure\deepfake-detection-system\data\raw\dfdc\dfdctrain\fake-txdcmspaaa-0.mp4,dfdc,dfdc,fake
C:\Users\Dani\Downloads\diploma_structure\deepfake-detection-system\data\raw\celebdf\Celeb-synthesis\id28_id20_0003.mp4,celebdf,Celeb-synthesis,fake
C:\Users\Dani\Downloads\diploma_structure\deepfake-detection-system\data\raw\celebdf\YouTube-real\00099.mp4,celebdf,YouTube-real,real
C:\Users\Dani\Downloads\diploma_structure\deepfake-detection-system\data\raw\dfdc\dfdctrain\real-uhqwaoxxcj-0.mp4,dfdc,dfdc,real
C:\Users\Dani\Downloads\diploma_structure\deepfake-detection-system\data\raw\celebdf\YouTube-real\00004.mp4,celebdf,YouTube-real,real
C:\Users\Dani\Downloads\diploma_structure\deepfake-detection-system\data\raw\celebdf\Celeb-synthesis\id0_id4_0003.mp4,celebdf,Celeb-synthesis,fake
C:\Users\Dani\Downloads\diploma_structure\deepfake-detection-system\data\raw\celebdf\Celeb-synthesis\id26_id22_0001.mp4,celebdf,Celeb-synthesis,fake
C:\Users\Dani\Downloads\diploma_structure\deepfake-detection-system\data\raw\faceforensics\manipulated_sequences\Deepfakes\c23\videos\147_055.mp4,faceforensics,Deepfakes,fake
C:\Users\Dani\Downloads\diploma_structure\deepfake-detection-system\data\raw\celebdf\Celeb-real\id53_0008.mp4,celebdf,Celeb-real,real
C:\Users\Dani\Downloads\diploma_structure\deepfake-detection-system\data\raw\celebdf\Celeb-real\id24_0006.mp4,celebdf,Celeb-real,real
C:\Users\Dani\Downloads\diploma_structure\deepfake-detection-system\data\raw\celebdf\Celeb-synthesis\id52_id56_0007.mp4,celebdf,Celeb-synthesis,fake
C:\Users\Dani\Downloads\diploma_structure\deepfake-detection-system\data\raw\celebdf\Celeb-real\id41_0000.mp4,celebdf,Celeb-real,real
C:\Users\Dani\Downloads\diploma_structure\deepfake-detection-system\data\raw\celebdf\Celeb-real\id44_0005.mp4,celebdf,Celeb-real,real
C:\Users\Dani\Downloads\diploma_structure\deepfake-detection-system\data\raw\faceforensics\manipulated_sequences\Deepfakes\c23\videos\035_036.mp4,faceforensics,Deepfakes,fake
C:\Users\Dani\Downloads\diploma_structure\deepfake-detection-system\data\raw\celebdf\Celeb-synthesis\id34_id31_0009.mp4,celebdf,Celeb-synthesis,fake
C:\Users\Dani\Downloads\diploma_structure\deepfake-detection-system\data\raw\celebdf\Celeb-real\id25_0000.mp4,celebdf,Celeb-real,real
C:\Users\Dani\Downloads\diploma_structure\deepfake-detection-system\data\raw\dfdc\dfdctrain\fake-khmsjyzueh-0.mp4,dfdc,dfdc,fake
C:\Users\Dani\Downloads\diploma_structure\deepfake-detection-system\data\raw\faceforensics\manipulated_sequences\FaceSwap\c23\videos\241_210.mp4,faceforensics,FaceSwap,fake
C:\Users\Dani\Downloads\diploma_structure\deepfake-detection-system\data\raw\celebdf\YouTube-real\00299.mp4,celebdf,YouTube-real,real
C:\Users\Dani\Downloads\diploma_structure\deepfake-detection-system\data\raw\celebdf\Celeb-synthesis\id37_id21_0006.mp4,celebdf,Celeb-synthesis,fake
C:\Users\Dani\Downloads\diploma_structure\deepfake-detection-system\data\raw\faceforensics\manipulated_sequences\NeuralTextures\c23\videos\716_712.mp4,faceforensics,NeuralTextures,fake
C:\Users\Dani\Downloads\diploma_structure\deepfake-detection-system\data\raw\celebdf\Celeb-synthesis\id32_id23_0009.mp4,celebdf,Celeb-synthesis,fake
C:\Users\Dani\Downloads\diploma_structure\deepfake-detection-system\data\raw\celebdf\YouTube-real\00197.mp4,celebdf,YouTube-real,real
C:\Users\Dani\Downloads\diploma_structure\deepfake-detection-system\data\raw\celebdf\Celeb-synthesis\id9_id16_0008.mp4,celebdf,Celeb-synthesis,fake
C:\Users\Dani\Downloads\diploma_structure\deepfake-detection-system\data\raw\celebdf\Celeb-real\id38_0001.mp4,celebdf,Celeb-real,real
C:\Users\Dani\Downloads\diploma_structure\deepfake-detection-system\data\raw\celebdf\YouTube-real\00082.mp4,celebdf,YouTube-real,real
C:\Users\Dani\Downloads\diploma_structure\deepfake-detection-system\data\raw\celebdf\Celeb-real\id45_0005.mp4,celebdf,Celeb-real,real
C:\Users\Dani\Downloads\diploma_structure\deepfake-detection-system\data\raw\faceforensics\manipulated_sequences\NeuralTextures\c23\videos\266_252.mp4,faceforensics,NeuralTextures,fake
C:\Users\Dani\Downloads\diploma_structure\deepfake-detection-system\data\raw\celebdf\Celeb-real\id11_0009.mp4,celebdf,Celeb-real,real
C:\Users\Dani\Downloads\diploma_structure\deepfake-detection-system\data\raw\celebdf\Celeb-synthesis\id35_id16_0000.mp4,celebdf,Celeb-synthesis,fake
C:\Users\Dani\Downloads\diploma_structure\deepfake-detection-system\data\raw\celebdf\Celeb-real\id19_0001.mp4,celebdf,Celeb-real,real
C:\Users\Dani\Downloads\diploma_structure\deepfake-detection-system\data\raw\celebdf\Celeb-synthesis\id26_id21_0008.mp4,celebdf,Celeb-synthesis,fake
C:\Users\Dani\Downloads\diploma_structure\deepfake-detection-system\data\raw\celebdf\YouTube-real\00247.mp4,celebdf,YouTube-real,real
C:\Users\Dani\Downloads\diploma_structure\deepfake-detection-system\data\raw\celebdf\Celeb-synthesis\id20_id21_0002.mp4,celebdf,Celeb-synthesis,fake
C:\Users\Dani\Downloads\diploma_structure\deepfake-detection-system\data\raw\celebdf\Celeb-real\id51_0001.mp4,celebdf,Celeb-real,real
C:\Users\Dani\Downloads\diploma_structure\deepfake-detection-system\data\raw\celebdf\Celeb-synthesis\id21_id29_0001.mp4,celebdf,Celeb-synthesis,fake
C:\Users\Dani\Downloads\diploma_structure\deepfake-detection-system\data\raw\celebdf\Celeb-synthesis\id35_id30_0001.mp4,celebdf,Celeb-synthesis,fake
C:\Users\Dani\Downloads\diploma_structure\deepfake-detection-system\data\raw\celebdf\YouTube-real\00175.mp4,celebdf,YouTube-real,real
C:\Users\Dani\Downloads\diploma_structure\deepfake-detection-system\data\raw\dfdc\dfdctrain\fake-gwhhwvbidr-1.mp4,dfdc,dfdc,fake
C:\Users\Dani\Downloads\diploma_structure\deepfake-detection-system\data\raw\celebdf\Celeb-real\id13_0005.mp4,celebdf,Celeb-real,real
C:\Users\Dani\Downloads\diploma_structure\deepfake-detection-system\data\raw\celebdf\YouTube-real\00067.mp4,celebdf,YouTube-real,real
C:\Users\Dani\Downloads\diploma_structure\deepfake-detection-system\data\raw\celebdf\Celeb-synthesis\id27_id21_0009.mp4,celebdf,Celeb-synthesis,fake
C:\Users\Dani\Downloads\diploma_structure\deepfake-detection-system\data\raw\celebdf\Celeb-synthesis\id50_id56_0006.mp4,celebdf,Celeb-synthesis,fake
C:\Users\Dani\Downloads\diploma_structure\deepfake-detection-system\data\raw\celebdf\Celeb-real\id31_0006.mp4,celebdf,Celeb-real,real
C:\Users\Dani\Downloads\diploma_structure\deepfake-detection-system\data\raw\celebdf\Celeb-real\id59_0001.mp4,celebdf,Celeb-real,real
C:\Users\Dani\Downloads\diploma_structure\deepfake-detection-system\data\raw\celebdf\Celeb-real\id38_0005.mp4,celebdf,Celeb-real,real
C:\Users\Dani\Downloads\diploma_structure\deepfake-detection-system\data\raw\celebdf\Celeb-synthesis\id33_id32_0009.mp4,celebdf,Celeb-synthesis,fake
C:\Users\Dani\Downloads\diploma_structure\deepfake-detection-system\data\raw\celebdf\Celeb-real\id13_0015.mp4,celebdf,Celeb-real,real
C:\Users\Dani\Downloads\diploma_structure\deepfake-detection-system\data\raw\celebdf\Celeb-synthesis\id4_id2_0005.mp4,celebdf,Celeb-synthesis,fake
C:\Users\Dani\Downloads\diploma_structure\deepfake-detection-system\data\raw\celebdf\YouTube-real\00287.mp4,celebdf,YouTube-real,real
C:\Users\Dani\Downloads\diploma_structure\deepfake-detection-system\data\raw\celebdf\Celeb-synthesis\id28_id30_0001.mp4,celebdf,Celeb-synthesis,fake
C:\Users\Dani\Downloads\diploma_structure\deepfake-detection-system\data\raw\celebdf\Celeb-synthesis\id19_id21_0008.mp4,celebdf,Celeb-synthesis,fake
C:\Users\Dani\Downloads\diploma_structure\deepfake-detection-system\data\raw\celebdf\Celeb-real\id52_0007.mp4,celebdf,Celeb-real,real
C:\Users\Dani\Downloads\diploma_structure\deepfake-detection-system\data\raw\celebdf\Celeb-real\id49_0000.mp4,celebdf,Celeb-real,real
C:\Users\Dani\Downloads\diploma_structure\deepfake-detection-system\data\raw\faceforensics\original_sequences\youtube\c23\videos\266.mp4,faceforensics,original,real
C:\Users\Dani\Downloads\diploma_structure\deepfake-detection-system\data\raw\celebdf\Celeb-real\id7_0001.mp4,celebdf,Celeb-real,real
C:\Users\Dani\Downloads\diploma_structure\deepfake-detection-system\data\raw\celebdf\Celeb-synthesis\id28_id29_0002.mp4,celebdf,Celeb-synthesis,fake
C:\Users\Dani\Downloads\diploma_structure\deepfake-detection-system\data\raw\celebdf\Celeb-synthesis\id41_id47_0003.mp4,celebdf,Celeb-synthesis,fake
C:\Users\Dani\Downloads\diploma_structure\deepfake-detection-system\data\raw\faceforensics\manipulated_sequences\FaceSwap\c23\videos\648_654.mp4,faceforensics,FaceSwap,fake
C:\Users\Dani\Downloads\diploma_structure\deepfake-detection-system\data\raw\faceforensics\manipulated_sequences\FaceSwap\c23\videos\339_392.mp4,faceforensics,FaceSwap,fake
C:\Users\Dani\Downloads\diploma_structure\deepfake-detection-system\data\raw\celebdf\Celeb-synthesis\id4_id9_0006.mp4,celebdf,Celeb-synthesis,fake
C:\Users\Dani\Downloads\diploma_structure\deepfake-detection-system\data\raw\celebdf\Celeb-real\id45_0009.mp4,celebdf,Celeb-real,real
C:\Users\Dani\Downloads\diploma_structure\deepfake-detection-system\data\raw\dfdc\dfdctrain\real-heoufzaddn-0.mp4,dfdc,dfdc,real
C:\Users\Dani\Downloads\diploma_structure\deepfake-detection-system\data\raw\celebdf\Celeb-real\id8_0001.mp4,celebdf,Celeb-real,real
C:\Users\Dani\Downloads\diploma_structure\deepfake-detection-system\data\raw\celebdf\YouTube-real\00118.mp4,celebdf,YouTube-real,real
C:\Users\Dani\Downloads\diploma_structure\deepfake-detection-system\data\raw\celebdf\Celeb-real\id50_0008.mp4,celebdf,Celeb-real,real
C:\Users\Dani\Downloads\diploma_structure\deepfake-detection-system\data\raw\celebdf\YouTube-real\00116.mp4,celebdf,YouTube-real,real
C:\Users\Dani\Downloads\diploma_structure\deepfake-detection-system\data\raw\celebdf\Celeb-synthesis\id58_id52_0004.mp4,celebdf,Celeb-synthesis,fake
C:\Users\Dani\Downloads\diploma_structure\deepfake-detection-system\data\raw\celebdf\Celeb-synthesis\id3_id16_0003.mp4,celebdf,Celeb-synthesis,fake
C:\Users\Dani\Downloads\diploma_structure\deepfake-detection-system\data\raw\celebdf\Celeb-synthesis\id20_id31_0006.mp4,celebdf,Celeb-synthesis,fake
C:\Users\Dani\Downloads\diploma_structure\deepfake-detection-system\data\raw\celebdf\Celeb-synthesis\id24_id28_0003.mp4,celebdf,Celeb-synthesis,fake
C:\Users\Dani\Downloads\diploma_structure\deepfake-detection-system\data\raw\celebdf\Celeb-real\id21_0000.mp4,celebdf,Celeb-real,real
C:\Users\Dani\Downloads\diploma_structure\deepfake-detection-system\data\raw\faceforensics\manipulated_sequences\NeuralTextures\c23\videos\644_657.mp4,faceforensics,NeuralTextures,fake
C:\Users\Dani\Downloads\diploma_structure\deepfake-detection-system\data\raw\celebdf\YouTube-real\00260.mp4,celebdf,YouTube-real,real
C:\Users\Dani\Downloads\diploma_structure\deepfake-detection-system\data\raw\faceforensics\manipulated_sequences\Face2Face\c23\videos\266_252.mp4,faceforensics,Face2Face,fake
C:\Users\Dani\Downloads\diploma_structure\deepfake-detection-system\data\raw\celebdf\YouTube-real\00095.mp4,celebdf,YouTube-real,real
C:\Users\Dani\Downloads\diploma_structure\deepfake-detection-system\data\raw\celebdf\Celeb-synthesis\id6_id1_0004.mp4,celebdf,Celeb-synthesis,fake
C:\Users\Dani\Downloads\diploma_structure\deepfake-detection-system\data\raw\celebdf\Celeb-synthesis\id40_id47_0004.mp4,celebdf,Celeb-synthesis,fake
C:\Users\Dani\Downloads\diploma_structure\deepfake-detection-system\data\raw\celebdf\Celeb-real\id25_0005.mp4,celebdf,Celeb-real,real
C:\Users\Dani\Downloads\diploma_structure\deepfake-detection-system\data\raw\celebdf\YouTube-real\00209.mp4,celebdf,YouTube-real,real
C:\Users\Dani\Downloads\diploma_structure\deepfake-detection-system\data\raw\celebdf\Celeb-real\id33_0005.mp4,celebdf,Celeb-real,real
C:\Users\Dani\Downloads\diploma_structure\deepfake-detection-system\data\raw\dfdc\dfdctrain\fake-whvzrqbyxb-1.mp4,dfdc,dfdc,fake
C:\Users\Dani\Downloads\diploma_structure\deepfake-detection-system\data\raw\celebdf\Celeb-real\id13_0014.mp4,celebdf,Celeb-real,real
C:\Users\Dani\Downloads\diploma_structure\deepfake-detection-system\data\raw\celebdf\Celeb-real\id16_0001.mp4,celebdf,Celeb-real,real
C:\Users\Dani\Downloads\diploma_structure\deepfake-detection-system\data\raw\celebdf\Celeb-real\id32_0006.mp4,celebdf,Celeb-real,real
C:\Users\Dani\Downloads\diploma_structure\deepfake-detection-system\data\raw\celebdf\Celeb-synthesis\id23_id1_0003.mp4,celebdf,Celeb-synthesis,fake
C:\Users\Dani\Downloads\diploma_structure\deepfake-detection-system\data\raw\celebdf\Celeb-synthesis\id16_id2_0000.mp4,celebdf,Celeb-synthesis,fake
C:\Users\Dani\Downloads\diploma_structure\deepfake-detection-system\data\raw\dfdc\dfdctrain\real-phtwqvezao-1.mp4,dfdc,dfdc,real
C:\Users\Dani\Downloads\diploma_structure\deepfake-detection-system\data\raw\celebdf\YouTube-real\00185.mp4,celebdf,YouTube-real,real
C:\Users\Dani\Downloads\diploma_structure\deepfake-detection-system\data\raw\celebdf\Celeb-synthesis\id52_id53_0004.mp4,celebdf,Celeb-synthesis,fake
C:\Users\Dani\Downloads\diploma_structure\deepfake-detection-system\data\raw\celebdf\YouTube-real\00091.mp4,celebdf,YouTube-real,real
C:\Users\Dani\Downloads\diploma_structure\deepfake-detection-system\data\raw\celebdf\Celeb-synthesis\id38_id31_0000.mp4,celebdf,Celeb-synthesis,fake
C:\Users\Dani\Downloads\diploma_structure\deepfake-detection-system\data\raw\faceforensics\original_sequences\youtube\c23\videos\716.mp4,faceforensics,original,real
C:\Users\Dani\Downloads\diploma_structure\deepfake-detection-system\data\raw\faceforensics\original_sequences\youtube\c23\videos\147.mp4,faceforensics,original,real
C:\Users\Dani\Downloads\diploma_structure\deepfake-detection-system\data\raw\celebdf\Celeb-synthesis\id48_id44_0007.mp4,celebdf,Celeb-synthesis,fake
C:\Users\Dani\Downloads\diploma_structure\deepfake-detection-system\data\raw\celebdf\Celeb-synthesis\id21_id17_0002.mp4,celebdf,Celeb-synthesis,fake
C:\Users\Dani\Downloads\diploma_structure\deepfake-detection-system\data\raw\celebdf\Celeb-synthesis\id6_id3_0005.mp4,celebdf,Celeb-synthesis,fake
C:\Users\Dani\Downloads\diploma_structure\deepfake-detection-system\data\raw\dfdc\dfdctrain\fake-vewqndwgnj-1.mp4,dfdc,dfdc,fake
C:\Users\Dani\Downloads\diploma_structure\deepfake-detection-system\data\raw\faceforensics\original_sequences\youtube\c23\videos\644.mp4,faceforensics,original,real
C:\Users\Dani\Downloads\diploma_structure\deepfake-detection-system\data\raw\celebdf\Celeb-synthesis\id20_id34_0003.mp4,celebdf,Celeb-synthesis,fake
C:\Users\Dani\Downloads\diploma_structure\deepfake-detection-system\data\raw\celebdf\Celeb-synthesis\id41_id47_0006.mp4,celebdf,Celeb-synthesis,fake
C:\Users\Dani\Downloads\diploma_structure\deepfake-detection-system\data\raw\celebdf\Celeb-synthesis\id28_id37_0000.mp4,celebdf,Celeb-synthesis,fake
C:\Users\Dani\Downloads\diploma_structure\deepfake-detection-system\data\raw\celebdf\Celeb-synthesis\id28_id1_0003.mp4,celebdf,Celeb-synthesis,fake
C:\Users\Dani\Downloads\diploma_structure\deepfake-detection-system\data\raw\celebdf\Celeb-synthesis\id8_id0_0007.mp4,celebdf,Celeb-synthesis,fake
C:\Users\Dani\Downloads\diploma_structure\deepfake-detection-system\data\raw\celebdf\Celeb-real\id48_0007.mp4,celebdf,Celeb-real,real
C:\Users\Dani\Downloads\diploma_structure\deepfake-detection-system\data\raw\faceforensics\manipulated_sequences\FaceSwap\c23\videos\585_599.mp4,faceforensics,FaceSwap,fake
C:\Users\Dani\Downloads\diploma_structure\deepfake-detection-system\data\raw\celebdf\Celeb-synthesis\id47_id41_0000.mp4,celebdf,Celeb-synthesis,fake
C:\Users\Dani\Downloads\diploma_structure\deepfake-detection-system\data\raw\celebdf\Celeb-synthesis\id53_id54_0003.mp4,celebdf,Celeb-synthesis,fake
C:\Users\Dani\Downloads\diploma_structure\deepfake-detection-system\data\raw\celebdf\Celeb-real\id47_0001.mp4,celebdf,Celeb-real,real
C:\Users\Dani\Downloads\diploma_structure\deepfake-detection-system\data\raw\faceforensics\original_sequences\youtube\c23\videos\943.mp4,faceforensics,original,real
C:\Users\Dani\Downloads\diploma_structure\deepfake-detection-system\data\raw\celebdf\Celeb-real\id3_0006.mp4,celebdf,Celeb-real,real
C:\Users\Dani\Downloads\diploma_structure\deepfake-detection-system\data\raw\celebdf\Celeb-real\id6_0000.mp4,celebdf,Celeb-real,real
C:\Users\Dani\Downloads\diploma_structure\deepfake-detection-system\data\raw\celebdf\Celeb-real\id6_0004.mp4,celebdf,Celeb-real,real
C:\Users\Dani\Downloads\diploma_structure\deepfake-detection-system\data\raw\celebdf\Celeb-synthesis\id30_id6_0007.mp4,celebdf,Celeb-synthesis,fake
C:\Users\Dani\Downloads\diploma_structure\deepfake-detection-system\data\raw\celebdf\Celeb-real\id37_0006.mp4,celebdf,Celeb-real,real
C:\Users\Dani\Downloads\diploma_structure\deepfake-detection-system\data\raw\celebdf\Celeb-synthesis\id4_id28_0003.mp4,celebdf,Celeb-synthesis,fake
C:\Users\Dani\Downloads\diploma_structure\deepfake-detection-system\data\raw\faceforensics\original_sequences\youtube\c23\videos\828.mp4,faceforensics,original,real
C:\Users\Dani\Downloads\diploma_structure\deepfake-detection-system\data\raw\celebdf\Celeb-real\id30_0005.mp4,celebdf,Celeb-real,real
C:\Users\Dani\Downloads\diploma_structure\deepfake-detection-system\data\raw\celebdf\Celeb-real\id48_0006.mp4,celebdf,Celeb-real,real
C:\Users\Dani\Downloads\diploma_structure\deepfake-detection-system\data\raw\celebdf\Celeb-real\id29_0003.mp4,celebdf,Celeb-real,real
C:\Users\Dani\Downloads\diploma_structure\deepfake-detection-system\data\raw\celebdf\Celeb-synthesis\id26_id21_0005.mp4,celebdf,Celeb-synthesis,fake
C:\Users\Dani\Downloads\diploma_structure\deepfake-detection-system\data\raw\celebdf\Celeb-real\id31_0004.mp4,celebdf,Celeb-real,real
C:\Users\Dani\Downloads\diploma_structure\deepfake-detection-system\data\raw\dfdc\dfdctrain\fake-vwxxuqutbt-0.mp4,dfdc,dfdc,fake
C:\Users\Dani\Downloads\diploma_structure\deepfake-detection-system\data\raw\celebdf\Celeb-synthesis\id31_id38_0009.mp4,celebdf,Celeb-synthesis,fake
C:\Users\Dani\Downloads\diploma_structure\deepfake-detection-system\data\raw\celebdf\Celeb-real\id60_0006.mp4,celebdf,Celeb-real,real
C:\Users\Dani\Downloads\diploma_structure\deepfake-detection-system\data\raw\dfdc\dfdctrain\fake-xyjtfubjpn-1.mp4,dfdc,dfdc,fake
C:\Users\Dani\Downloads\diploma_structure\deepfake-detection-system\data\raw\celebdf\Celeb-synthesis\id58_id51_0001.mp4,celebdf,Celeb-synthesis,fake
C:\Users\Dani\Downloads\diploma_structure\deepfake-detection-system\data\raw\celebdf\Celeb-real\id27_0003.mp4,celebdf,Celeb-real,real
C:\Users\Dani\Downloads\diploma_structure\deepfake-detection-system\data\raw\celebdf\Celeb-real\id54_0000.mp4,celebdf,Celeb-real,real
C:\Users\Dani\Downloads\diploma_structure\deepfake-detection-system\data\raw\faceforensics\manipulated_sequences\Deepfakes\c23\videos\920_811.mp4,faceforensics,Deepfakes,fake
C:\Users\Dani\Downloads\diploma_structure\deepfake-detection-system\data\raw\celebdf\Celeb-real\id37_0001.mp4,celebdf,Celeb-real,real
C:\Users\Dani\Downloads\diploma_structure\deepfake-detection-system\data\raw\celebdf\Celeb-synthesis\id29_id32_0003.mp4,celebdf,Celeb-synthesis,fake
C:\Users\Dani\Downloads\diploma_structure\deepfake-detection-system\data\raw\celebdf\Celeb-synthesis\id48_id43_0005.mp4,celebdf,Celeb-synthesis,fake
C:\Users\Dani\Downloads\diploma_structure\deepfake-detection-system\data\raw\celebdf\Celeb-synthesis\id59_id61_0008.mp4,celebdf,Celeb-synthesis,fake
C:\Users\Dani\Downloads\diploma_structure\deepfake-detection-system\data\raw\celebdf\Celeb-synthesis\id30_id1_0007.mp4,celebdf,Celeb-synthesis,fake
C:\Users\Dani\Downloads\diploma_structure\deepfake-detection-system\data\raw\celebdf\YouTube-real\00096.mp4,celebdf,YouTube-real,real
C:\Users\Dani\Downloads\diploma_structure\deepfake-detection-system\data\raw\faceforensics\manipulated_sequences\Deepfakes\c23\videos\992_980.mp4,faceforensics,Deepfakes,fake
C:\Users\Dani\Downloads\diploma_structure\deepfake-detection-system\data\raw\dfdc\dfdctrain\fake-lvglcazbst-1.mp4,dfdc,dfdc,fake
C:\Users\Dani\Downloads\diploma_structure\deepfake-detection-system\data\raw\celebdf\Celeb-synthesis\id20_id2_0006.mp4,celebdf,Celeb-synthesis,fake
C:\Users\Dani\Downloads\diploma_structure\deepfake-detection-system\data\raw\celebdf\Celeb-synthesis\id2_id23_0008.mp4,celebdf,Celeb-synthesis,fake
C:\Users\Dani\Downloads\diploma_structure\deepfake-detection-system\data\raw\celebdf\YouTube-real\00157.mp4,celebdf,YouTube-real,real
C:\Users\Dani\Downloads\diploma_structure\deepfake-detection-system\data\raw\celebdf\Celeb-synthesis\id4_id1_0008.mp4,celebdf,Celeb-synthesis,fake
C:\Users\Dani\Downloads\diploma_structure\deepfake-detection-system\data\raw\faceforensics\manipulated_sequences\FaceSwap\c23\videos\266_252.mp4,faceforensics,FaceSwap,fake
C:\Users\Dani\Downloads\diploma_structure\deepfake-detection-system\data\raw\celebdf\Celeb-real\id38_0007.mp4,celebdf,Celeb-real,real
C:\Users\Dani\Downloads\diploma_structure\deepfake-detection-system\data\raw\celebdf\YouTube-real\00171.mp4,celebdf,YouTube-real,real
C:\Users\Dani\Downloads\diploma_structure\deepfake-detection-system\data\raw\celebdf\Celeb-real\id21_0008.mp4,celebdf,Celeb-real,real
C:\Users\Dani\Downloads\diploma_structure\deepfake-detection-system\data\raw\celebdf\Celeb-real\id59_0009.mp4,celebdf,Celeb-real,real
C:\Users\Dani\Downloads\diploma_structure\deepfake-detection-system\data\raw\celebdf\YouTube-real\00161.mp4,celebdf,YouTube-real,real
C:\Users\Dani\Downloads\diploma_structure\deepfake-detection-system\data\raw\celebdf\Celeb-synthesis\id32_id31_0000.mp4,celebdf,Celeb-synthesis,fake
C:\Users\Dani\Downloads\diploma_structure\deepfake-detection-system\data\raw\celebdf\Celeb-synthesis\id16_id3_0005.mp4,celebdf,Celeb-synthesis,fake
C:\Users\Dani\Downloads\diploma_structure\deepfake-detection-system\data\raw\celebdf\Celeb-synthesis\id23_id28_0002.mp4,celebdf,Celeb-synthesis,fake
C:\Users\Dani\Downloads\diploma_structure\deepfake-detection-system\data\raw\celebdf\Celeb-synthesis\id20_id34_0006.mp4,celebdf,Celeb-synthesis,fake
C:\Users\Dani\Downloads\diploma_structure\deepfake-detection-system\data\raw\celebdf\YouTube-real\00240.mp4,celebdf,YouTube-real,real
C:\Users\Dani\Downloads\diploma_structure\deepfake-detection-system\data\raw\faceforensics\original_sequences\youtube\c23\videos\396.mp4,faceforensics,original,real
C:\Users\Dani\Downloads\diploma_structure\deepfake-detection-system\data\raw\celebdf\Celeb-real\id41_0005.mp4,celebdf,Celeb-real,real
C:\Users\Dani\Downloads\diploma_structure\deepfake-detection-system\data\raw\celebdf\Celeb-real\id38_0003.mp4,celebdf,Celeb-real,real
C:\Users\Dani\Downloads\diploma_structure\deepfake-detection-system\data\raw\celebdf\Celeb-synthesis\id26_id4_0003.mp4,celebdf,Celeb-synthesis,fake
C:\Users\Dani\Downloads\diploma_structure\deepfake-detection-system\data\raw\celebdf\Celeb-real\id60_0004.mp4,celebdf,Celeb-real,real
C:\Users\Dani\Downloads\diploma_structure\deepfake-detection-system\data\raw\celebdf\Celeb-synthesis\id7_id13_0006.mp4,celebdf,Celeb-synthesis,fake
C:\Users\Dani\Downloads\diploma_structure\deepfake-detection-system\data\raw\celebdf\YouTube-real\00250.mp4,celebdf,YouTube-real,real
C:\Users\Dani\Downloads\diploma_structure\deepfake-detection-system\data\raw\faceforensics\manipulated_sequences\FaceSwap\c23\videos\811_920.mp4,faceforensics,FaceSwap,fake
C:\Users\Dani\Downloads\diploma_structure\deepfake-detection-system\data\raw\celebdf\Celeb-real\id5_0007.mp4,celebdf,Celeb-real,real
C:\Users\Dani\Downloads\diploma_structure\deepfake-detection-system\data\raw\celebdf\YouTube-real\00183.mp4,celebdf,YouTube-real,real
